"Year","DateR","DOY","Total.count","pred.ratio","wesa.ratio","WESA","DUNL","PEFA","MERL","avg.temp.day","Total.Precip..mm.","Discharge","elev.range","u","v","Windspd","WindDeg","IR"
1991,1991-04-22,112,23000,0.530768797,NA,12208,10792,NA,NA,10.67916667,0,3760,3.08,-7.1971999940354,12.5077326866015,14.8333333333333,121.061641233836,0.1734666665
1991,1991-05-02,122,83100,0.919662848,NA,76424,6676,NA,NA,14.25833333,0,4240,3.54,4.19274643764126,-7.3439414525727,7.625,-59.3396258067017,0.5034166665
1991,1991-05-03,123,60000,0.921086981,NA,55265,4735,NA,NA,12.96666667,0,4210,3.31,-3.29931537567168,14.1413274131039,15.75,114.747590967442,0.4646458335
1991,1991-05-05,125,40000,0.915322535,NA,36613,3387,NA,NA,11.20833333,6.8,4340,2.78,8.57224447675664e-16,12.9012503945794,13.875,93.5597875867892,0.1553625
1991,1991-05-06,126,33000,0.907561051,NA,29950,3050,NA,NA,11.53333333,18.2,4430,2.54,-1.91012995433623,6.8943999880708,8.45833333333333,107.642002534445,0.1744833335
1991,1991-05-07,127,23000,0.895617236,NA,20599,2401,NA,NA,10.375,14.4,4520,2.23,9.79685083057902e-16,16.7417318012075,15.875,94.0841548936456,0.11685625
1991,1991-05-08,128,14000,0.878268592,NA,12296,1704,NA,NA,9.725,5.8,4600,2.15,-1.56283359900237,3.46410161513775,10.5416666666667,153.121160729909,0.197575
1991,1991-05-09,129,12000,0.853744013,NA,10245,1755,NA,NA,10.89583333,0,4670,2.04,-2.48264572101292,-5.78533185327597,13.625,-141.084897836429,0.4954458335
1991,1991-05-10,130,5400,0.819632738,NA,4426,974,NA,NA,11.35833333,0,4780,2.55,0.607768621834257,-1.5443668569737,10.625,-35.4460310269477,0.4099541665
1991,1991-05-11,131,300,0.772924747,NA,232,68,NA,NA,12.81666667,0,5010,2.88,-3.76222157658236,-4.89842541528951e-16,10.8333333333333,175.250698075331,0.5480041665
1992,1992-04-22,113,24500,0.629053186,NA,15412,9088,NA,NA,8.604166667,8.4,3300,3.3,-0.520944533000792,-6.26627785639313,10.125,-100.780219006561,0.32815625
1992,1992-04-24,115,80200,0.772478893,NA,61953,18247,NA,NA,13.65833333,0,3320,2.54,4.28612223837832e-16,13,9.16666666666667,85.96396579925,0.2738979165
1992,1992-04-29,120,923500,0.907481157,NA,838059,85441,NA,NA,13.07083333,39.6,4210,2.31,-1.04091540074902e-15,4.83380850060844,12.625,166.67479911769,0.0869416665
1992,1992-05-01,122,30500,0.919662848,NA,28050,2450,NA,NA,10.97916667,0,4850,3.05,-1.30236133250198,5.90884651807325,7.66666666666667,115.764563559573,0.3876125
1992,1992-05-04,125,22430,0.915322535,NA,20531,1899,NA,NA,15.76666667,0,5350,4.13,0.347296355333861,-5.63815572471545,3.83333333333333,-72.3237870613566,0.4578854165
1992,1992-05-08,129,2700,0.853744013,NA,2305,395,NA,NA,12.39166667,0.4,5520,3.55,2.66780379980055,-13.7774222096303,14.9583333333333,-86.3732210306112,0.41503125
1992,1992-05-12,133,85,0.62979333,NA,54,31,NA,NA,10.0125,0,5320,2.78,3.75877048314363,-9.95857776054672,10.5833333333333,-36.5911596205779,0.5381416665
1994,1994-04-20,110,75000,0.309540281,NA,23216,51784,NA,NA,11.84166667,0,3950,2.35,3.07818128993101,-8.45723358707318,9.83333333333333,-66.1231955917019,0.4301395835
1994,1994-04-22,112,250000,0.530768797,NA,132692,117308,NA,NA,11.1875,0,4610,2.19,-1.36808057330267,1.73205080756888,7,121.273604968849,0.46605
1994,1994-04-25,115,20000,0.772478893,NA,15450,4550,NA,NA,10.8,0,5510,3.82,4.44453631651433,-16.8708659006038,13.375,-78.2776325712029,0.3960145835
1994,1994-04-26,116,820000,0.819304129,NA,671829,148171,NA,NA,11.90833333,1.2,5750,4,-2.38798238995364e-15,-4.44626186323369,9.625,-148.063099333843,0.2719166665
1994,1994-04-28,118,500000,0.878098863,NA,439049,60951,NA,NA,13.0125,0,5570,4.21,-4.90428648253327,9.6683094143225,12.8333333333333,124.096773030427,0.4762645835
1994,1994-04-30,120,500000,0.907481157,NA,453741,46259,NA,NA,11.20833333,0.2,5220,3.67,-4.51485261934019,-13.0227555330226,19.5416666666667,-119.593208804036,0.5161666665
1994,1994-05-02,122,490000,0.919662848,NA,450635,39365,NA,NA,10.08333333,5.4,4950,2.95,0.607768621834257,1.20498481965213,9.29166666666667,34.7494667159353,0.4059479165
1994,1994-05-04,124,1125000,0.919686289,NA,1034647,90353,NA,NA,12.36666667,3.4,5130,2.16,6.06217782649107,-3.28892417275068,12.7083333333333,-10.3822511095522,0.2757625
1994,1994-05-05,125,350000,0.915322535,NA,320363,29637,NA,NA,13.05,0,5200,2.25,5.99919136159385,-12.7411168919659,12.4583333333333,-48.2914397299376,0.5161791665
1994,1994-05-06,126,380000,0.907561051,NA,344873,35127,NA,NA,14.56666667,0,5190,2.37,9.53828200655936,-17.8234150821678,15.875,-55.3433600428142,0.5104833335
1994,1994-05-09,129,3500,0.853744013,NA,2988,512,NA,NA,14.85,0,5610,2.99,-3.55978764217207,14.408910588062,14.75,112.157997923745,0.3996791665
1994,1994-05-10,130,4200,0.819632738,NA,3442,758,NA,NA,15.30416667,0.2,5940,3.16,5.5107285922007e-16,5.36231110183285,11.625,56.807465940996,0.3642145835
1995,1995-04-16,106,600,0.042457704,NA,25,575,NA,NA,8.775,0,1870,3.74,-0.342020143325669,1.92450037379812,6.04166666666667,126.11175180561,0.4256541665
1995,1995-04-21,111,7000,0.420616136,NA,2944,4056,NA,NA,9.116666667,0,1750,3.31,1.22460635382238e-16,1.28557521937308,7.70833333333333,43.6808261962578,0.4338666665
1995,1995-04-24,114,4738,0.709824952,NA,3363,1375,NA,NA,11.34166667,0,1870,2.3,9.19626186323369,-13.0227555330226,16.4583333333333,-49.3135016890262,0.4625916665
1995,1995-04-25,115,70000,0.772478893,NA,54074,15926,NA,NA,14.09166667,0,2010,2.4,5.78508848717885,-8.21033971484981,11.5,-47.5494041253782,0.4799125
1995,1995-04-26,116,500000,0.819304129,NA,409652,90348,NA,NA,12.85416667,0,2160,2.58,1.56283359900237,-5.36231110183285,7.29166666666667,-69.8667598014204,0.4387479165
1995,1995-04-28,118,350000,0.878098863,NA,307335,42665,NA,NA,13.65416667,0,2510,2.89,-6.35437121230358,10.6320040966581,14,127.234321020837,0.4711854165
1995,1995-04-30,120,330000,0.907481157,NA,299469,30531,NA,NA,12.7375,0.2,2650,3.3,-2.60472266500395,12.8025007891587,12.9583333333333,101.873312148669,0.2061416665
1995,1995-05-01,121,65000,0.915273333,NA,59493,5507,NA,NA,11.95,0,2760,3.3,10.4636946823356,-15.0216603633575,18,-44.8933564565796,0.34180625
1995,1995-05-03,123,94000,0.921086981,NA,86582,7418,NA,NA,10.95,1.8,2900,3.2,-1.0313366419852,-6.92820323027551,8.625,-117.250633289123,0.35318125
1997,1997-04-21,111,14030,0.108690117,NA,1525,12505,1,0,8.841666667,0,3430,2.53,2.95201902033781,-6.8943999880708,12.4583333333333,-37.8884644501964,0.4971708335
1997,1997-04-22,112,13000,0.233544073,0.523178808,3036,9964,0,0,11.22916667,5.6,3670,2.86,-2.32578365647489,3.96316337357498,11.1666666666667,147.327558326297,0.35334375
1997,1997-04-25,115,130100,0.737681111,0.705831904,95972,34128,0,0,11.70416667,3.4,4160,3.45,-1.04188906600158,7,9.25,92.4550131267427,0.1802375
1997,1997-04-26,116,127200,0.83198166,0.845771144,105828,21372,0,0,13.05416667,8,4260,3.43,-3.5,2,10.8333333333333,164.205710586375,0.22678125
1997,1997-04-28,118,97100,0.921926262,0.911455956,89519,7581,0,0,9.079166667,5.2,4810,3.33,-2.25742630967009,12.8025007891587,13.5,105.239185686203,0.1577979165
1997,1997-04-29,119,91200,0.941149365,0.981666667,85833,5367,1,0,9.954166667,1,5240,3.15,-2.60472266500395,-6.28108891324553,9.25,-145.366357083291,0.4678520835
1997,1997-04-30,120,52600,0.952023909,0.9625,50076,2524,0,0,8.095833333,9.6,5840,2.88,0.781416799501187,7.93163488855494,13.9583333333333,66.2760770194265,0.0776479165
1997,1997-05-01,121,177000,0.957555076,NA,169487,7513,0,0,9.7875,1.2,6130,2.82,-6.06180145142077e-15,-14.0953893117886,16.9166666666667,-102.220702069111,0.5338083335
1997,1997-05-02,122,116400,0.959182281,0.990938166,111649,4751,0,0,11.525,0,6130,2.41,-3.76222157658236,12.8964409229626,15.9583333333333,121.010328041326,0.4235395835
1997,1997-05-03,123,59970,0.957313745,0.967741935,57410,2560,0,0,11.9125,1.3,6020,2.73,-15,9.95857776054671,16.3333333333333,144.131300204963,0.3282625
1997,1997-05-04,124,43500,0.951480064,0.948307244,41389,2111,1,0,10.68333333,3.4,5860,3.14,-0.955064977168116,16.358253177284,18.0833333333333,95.3547932356495,0.1377041665
1997,1997-05-05,125,37800,0.940157659,0.924864446,35538,2262,0,0,10.7875,13.8,5710,3.39,-1.56283359900237,12.8025007891587,12.875,97.8244691203701,0.1204729165
1997,1997-05-06,126,15000,0.920204197,0.910828025,13803,1197,1,0,10.4625,4.1,5690,3.72,-6.28533185327596,3.53076847612702,10.5833333333333,160.854000476354,0.1537375
1997,1997-05-07,127,2500,0.885787432,NA,2214,286,0,0,10.5625,0,5710,3.88,4.44626186323369,-8.42648887430876,15,-10.1463733388485,0.4551520835
1997,1997-05-12,132,555,0.223111806,NA,124,431,0,0,17.125,0,6320,2.98,0.607768621834255,-2.76254220664631,6.41666666666667,-71.3277040388126,0.478725
1998,1998-05-02,122,19500,0.919662848,NA,17933,1567,NA,NA,16.43,0,4100,3.15,-4.51485261934019,14.7721162951831,18.35,130.211363526547,0.41058125
1998,1998-05-03,123,460000,0.921086981,NA,423700,36300,NA,NA,14.31666667,0,4490,2.87,-1.56283359900237,3.61143604914069,7.16666666666667,155.257721216492,0.4727875
1998,1998-05-04,124,105000,0.919686289,NA,96567,8433,NA,NA,14.69583333,0,4830,2.4,-1.98112540714512,-4.65077105694084,8.79166666666667,-147.279832153216,0.5141604165
1998,1998-05-06,126,15800,0.907561051,NA,14339,1461,NA,NA,14.00833333,0,5590,2.14,-6.98253184731137,12.6080020351084,14,123.877069257184,0.39574375
1998,1998-05-07,127,5000,0.895617236,NA,4478,522,NA,NA,13.77083333,0,5900,2.3,-3.07818128993102,3.5,10.5416666666667,165.926024524964,0.3498979165
1998,1998-05-08,128,16500,0.878268592,NA,14491,2009,NA,NA,12.11666667,2.4,6000,2.44,-3.07818128993102,10.336618828645,10.0416666666667,107.234072206193,0.0908291665
1998,1998-05-09,129,40000,0.853744013,NA,34150,5850,NA,NA,12.55,0,6000,2.54,-1.21553724366851,2.05212085995401,10.5416666666667,139.052408197919,0.37945625
1998,1998-05-10,130,29000,0.819632738,NA,23769,5231,NA,NA,13.875,0,5970,2.79,-4.44626186323369,10.336618828645,13.1666666666667,116.437851771576,0.2979479165
1998,1998-05-11,131,41000,0.772924747,NA,31690,9310,NA,NA,11.90416667,2.4,5960,3,-3.76222157658236,7.12116103712602,10.3333333333333,143.703377496609,0.1182583335
1999,1999-04-20,110,36845,0.746884475,0.815286624,27519,9326,0,0,8.458333333,0.9,2280,3.81,-2.67308001180875,-4.47918699964449,11.9166666666667,-143.16776137125,0.3898416665
1999,1999-04-21,111,29700,0.791123266,NA,23496,6204,0,0,8.208333333,0.2,2620,3.59,-1.56283359900237,-4.43163488855494,14.3333333333333,176.520144579119,0.4726333335
1999,1999-04-22,112,54150,0.82657355,0.804988662,44759,9391,1,0,9.4,0,3050,3.44,6.37462469229331,-11.1617759649595,10.125,-57.1318438097244,0.502875
1999,1999-04-23,113,60853,0.854649321,NA,52008,8845,2,0,11.0625,0,3550,2.99,-1.04188906600158,-6.06217782649107,5.29166666666667,-89.6774679836384,0.4997291665
1999,1999-04-24,114,62500,0.87671999,NA,54795,7705,1,1,13.03333333,0,3990,2.72,-1.91012995433623,1.20498481965213,7.16666666666667,158.825260401343,0.48685
1999,1999-04-26,116,201600,0.907429615,NA,182938,18662,0,0,8.529166667,0,4540,2.35,-5.78508848717886,-9.95857776054671,15.875,-123.046096162066,0.489575
1999,1999-04-27,117,214500,0.917841668,NA,196877,17623,2,0,8.0375,0,4740,2.34,0.955064977168118,-2.4811936295855,13,3.4893444869259,0.4493395835
1999,1999-04-28,118,177200,0.925827012,NA,164057,13143,1,0,9.495833333,0,5110,2.6,5.81434243653636,-8.86326977710987,11.375,-25.1573882377378,0.5084208335
1999,1999-04-29,119,223500,0.931844805,NA,208267,15233,0,0,11.2,0,5450,2.7,6.49838272318769,-8.42648887430876,12.7916666666667,-35.7727638968826,0.52971875
1999,1999-04-30,120,117600,0.936234356,NA,110101,7499,0,0,11.23333333,0,5460,2.88,-4.47288756551973,10,12.8333333333333,125.172448623911,0.2623041665
1999,1999-05-01,121,99000,0.939238008,NA,92985,6015,1,0,10.02916667,5,5270,3.01,-12.6031925634917,1.59198825996909e-15,18.125,169.847031230004,0.342875
1999,1999-05-02,122,99000,0.941018472,NA,93161,5839,1,0,8.216666667,4.4,4990,3.15,1.36808057330268,8.35623892592501,11.5,80.5658409793459,0.13763125
1999,1999-05-03,123,96500,0.941670819,NA,90871,5629,2,0,8.895833333,0.4,4750,3.19,-6,-12.8964409229626,20,-127.330545492126,0.3993208335
1999,1999-05-04,124,76000,0.941229607,NA,71533,4467,0,0,8.475,0,4650,3.11,-5.24630662585894,-9.57090707264905,13.875,-118.01372475652,0.4926708335
1999,1999-05-05,125,93600,0.93967148,NA,87953,5647,0,0,9.670833333,0,4630,3.16,-2.60472266500395,14.7721162951831,15.5,107.292137596274,0.20555625
1999,1999-05-06,126,44417,0.936913411,0.893044129,41615,2802,0,0,10.55416667,5.8,4650,3,-1.91012995433623,10.0608000131538,17.7083333333333,111.949302803701,0.1218208335
1999,1999-05-07,127,100050,0.932806468,0.99522293,93327,6723,0,0,7.5,0.4,4600,2.87,-18.5894595252868,-6.84040286651337,19.25,-164.52762715913,0.43800625
1999,1999-05-08,128,76250,0.927124791,0.97715736,70693,5557,2,0,6.666666667,1.3,4490,2.74,-9.18454765366783e-16,1.84729635533386,12.625,157.836430575355,0.3890395835
1999,1999-05-10,130,46000,0.909645978,NA,41844,4156,0,0,8.791666667,0,4330,2.45,-2.81766410561103,2.7291593878778,8.29166666666667,160.944719923582,0.5230395835
1999,1999-05-11,131,21650,0.896838616,0.823834197,19417,2233,0,0,9.583333333,10.2,4330,2.3,-0.781416799501186,12.5092524296878,13.6666666666667,93.65196990055,0.1336979165
1999,1999-05-12,132,22720,0.880378942,NA,20002,2718,0,0,9.645833333,9.8,4290,2.6,-4.16755626400633,-3.07818128993102,12.875,-147.933475221007,0.3207416665
1999,1999-05-13,133,9600,0.859319151,NA,8249,1351,1,0,8.708333333,1.6,4160,3.23,-1.98112540714512,7.3439414525727,10.375,104.222234273387,0.2600416665
1999,1999-05-14,134,18,0.832500071,NA,15,3,0,0,9.516666667,0,4030,3.64,-3.49012810839378e-15,1.10214571844014e-15,11.0416666666667,163.316619118487,0.5392354165
2000,2000-04-17,108,15010,0.253052426,0.141221374,3798,11212,0,0,9.058333333,0,1810,2.73,6.84040286651336,-15.9747745533604,13.875,-42.9399184818601,0.4766020835
2000,2000-04-18,109,30380,0.383040836,NA,11637,18743,1,0,11.12916667,0,1680,2.97,-3.76222157658236,0.677806597538819,9.375,-175.722749346934,0.4652041665
2000,2000-04-19,110,31750,0.520401927,0.713740458,16523,15227,0,0,10.19583333,0.4,1680,3.12,-5.24630662585894,9.01365351029031,13.5833333333333,132.642543636313,0.19004375
2000,2000-04-20,111,36000,0.643948761,NA,23182,12818,0,0,12.10416667,0,1700,3.23,-8.26609288830105e-16,-2.31163564935008,8.04166666666667,-38.1499764975086,0.42348125
2000,2000-04-21,112,55350,0.741927919,0.666666667,41066,14284,0,0,11.17916667,9.2,1760,3.34,-1.91012995433623,6.75,10.2083333333333,103.859131482836,0.1555458335
2000,2000-04-22,113,58300,0.813370144,0.833333333,47419,10881,0,0,10.80833333,5.8,1940,3.2,-13.5428851842776,-7.96324443715438,17.625,-152.29176613446,0.45886875
2000,2000-04-24,115,200000,0.896773922,NA,179355,20645,1,1,7.845833333,0,2550,3.03,1.38918542133544,3.48205080756888,9.625,75.2288353666166,0.3876145835
2000,2000-04-25,116,106550,0.919506427,NA,97973,8577,0,0,9.6625,4,3110,2.67,-6.32737265152487,15.9747745533604,19.5416666666667,130.737926365128,0.1810333335
2000,2000-04-26,117,103550,0.934747635,NA,96793,6757,0,0,11.19166667,0.2,3280,2.57,2.25742630967009,11.2583302491977,14.125,75.5101912844113,0.3481145835
2000,2000-04-27,118,126350,0.944848784,NA,119382,6968,0,0,10.9625,9.7,3190,2.38,7.34763812293426e-16,10.336618828645,13.625,101.512287213306,0.0629
2000,2000-04-28,119,111175,0.951314112,NA,105762,5413,0,0,9.2625,0,3070,2.43,-18.6925333174277,7.73502481488899,21.5,154.067540049275,0.2342666665
2000,2000-04-29,120,74500,0.955064093,NA,71152,3348,1,0,9.058333333,0.6,2940,2.31,-2.43107448733702,12.8025007891587,13.7916666666667,101.408166675343,0.1445666665
2000,2000-05-01,122,95150,0.95616279,NA,90979,4171,2,0,11.17083333,4.2,3520,2.4,-4.28612223837832e-16,-1.2918089084856,9.375,-58.0485819200898,0.2457083335
2000,2000-05-02,123,12000,0.953658287,0.666666667,11444,556,0,0,11.50416667,1.8,3790,2.84,-4.97313093161685,10.2631397208144,13.5833333333333,119.335340432776,0.1905666665
2000,2000-05-03,124,22650,0.948761093,NA,21489,1161,0,0,10.74166667,5.8,3800,3.33,-6.06217782649107,8.57224447675664e-16,10.375,174.126567439178,0.3394479165
2000,2000-05-05,126,9000,0.928586679,NA,8357,643,0,0,9.0875,2.9,3970,3.94,-8.67811946296251,2.38798238995364e-15,15.0833333333333,153.915192654446,0.3952208335
2000,2000-05-06,127,13900,0.910300194,0.976,12653,1247,0,0,8.545833333,3.8,3990,4.17,-6.73533494602307e-16,6.89365427108546,13.4583333333333,96.2196817996531,0.4504
2001,2001-04-17,107,30,0.723792115,NA,22,8,0,0,10.25833333,13.1,867,2.6,-8.5,10.8328852831343,15.5,129.438373318608,0.2189208335
2001,2001-04-18,108,32500,0.748817741,NA,24337,8163,0,0,9.625,10.1,996,2.45,-1.02606042997701,1.92836282905962,10.0416666666667,139.242014089258,0.4282416665
2001,2001-04-19,109,33100,0.771011452,NA,25520,7580,0,0,8.958333333,0.2,1070,2.36,1.38918542133544,4.99975663390289,11,47.392146488911,0.3558145835
2001,2001-04-20,110,14800,0.790591364,NA,11701,3099,0,0,9.583333333,0,1260,2.31,11.8518156154145,-17.0164929637694,22.2916666666667,-43.6219798360304,0.4965416665
2001,2001-04-23,113,72750,0.835946128,NA,60815,11935,1,0,9.816666667,9.6,1590,2.9,1.04091540074902e-15,15.1604444311898,17.6666666666667,100.442101357623,0.1268833335
2001,2001-04-24,114,74500,0.847331608,0.733727811,63126,11374,3,0,12.4625,1.2,1730,3.21,8.57224447675664e-16,12.5092524296878,12.5,91.0124984281819,0.0769583335
2001,2001-04-25,115,81750,0.857175562,0.821052632,70074,11676,1,0,13.39166667,0,1930,3.6,4.28612223837832e-16,-9.64181414529809,10.7916666666667,-59.5651487630936,0.44503125
2001,2001-04-26,116,59200,0.865643597,0.88115942,51246,7954,3,0,14.00416667,0,2090,3.77,-8.44186123069096,6.78533185327597,9.95833333333333,149.092738718798,0.3798416665
2001,2001-04-27,117,102350,0.872881049,0.978896104,89339,13011,1,0,12.00416667,4,2370,3.86,-5.16322728629583,12.8025007891587,14.7916666666667,117.946656941138,0.2501208335
2001,2001-04-28,118,91700,0.879013661,0.877018634,80606,11094,0,0,10.8375,9.3,2750,3.83,-9.25254196120398,-6.06907786235773,14.9583333333333,-150.619042670542,0.4470875
2001,2001-04-29,119,74000,0.884148682,0.786516854,65427,8573,1,0,9.691666667,1.5,2920,3.53,-19.8066552906688,11.6286848730727,25.2083333333333,159.342552529428,0.2026041665
2001,2001-04-30,120,37400,0.888376146,NA,33225,4175,1,0,9.858333333,1.6,3140,3.31,-17.9980530712231,-5.29626941884138,23.5833333333333,179.838451886662,0.2949625
2001,2001-05-01,121,68750,0.891770165,NA,61309,7441,1,0,9.856521739,1.6,3400,3.39,-13.0227555330226,-12.2129645840442,20.5217391304348,-123.146076895323,0.05149375
2001,2001-05-02,122,22180,0.894390137,NA,19838,2342,0,0,9.308333333,0,3390,3.23,1.47600951016891,-6.89711431702997,9.95833333333333,-64.2245251803035,0.5357895835
2001,2001-05-03,123,40900,0.896281801,0.965292842,36658,4242,1,0,9.254166667,0.8,3170,2.88,-1.47600951016891,10,11.9166666666667,96.2962949648042,0.1883729165
2001,2001-05-04,124,24450,0.897478101,NA,21943,2507,0,0,9.8125,9.8,2970,2.61,-6.49838272318771,9.39692620785908,13.875,137.292260579753,0.0831541665
2001,2001-05-05,125,9900,0.897999826,NA,8890,1010,0,0,9.8,0,2880,3.14,-4.95965573298063e-15,-26,26.4166666666667,-92.2980777742677,0.5747770835
2001,2001-05-06,126,11400,0.89785603,0.785714286,10236,1164,0,0,9.3875,0,2780,3.45,5.5107285922007e-16,-6.06217782649107,8.875,-86.3434974540784,0.5091479165
2001,2001-05-07,127,7350,0.89704422,NA,6593,757,0,0,12.29166667,0.4,2930,3.54,4.28612223837832e-16,1.21553724366851,9.41666666666667,39.6671612653428,0.2999916665
2001,2001-05-08,128,14000,0.895550298,NA,12538,1462,0,0,10.91666667,0.2,3100,3.83,3.38613946450513,-18.8819530952448,20.375,-96.2815783952888,0.4756604165
2001,2001-05-09,129,9870,0.893348282,0.881300813,8817,1053,0,0,10.425,0,3050,3.94,2.16004979682024,-6.53533185327597,10.0416666666667,-67.7671247971269,0.54991875
2001,2001-05-11,131,6300,0.886653274,0.983783784,5586,714,0,0,13.43333333,0,2880,3.8,6.84040286651336,-9.74242860108777,12.0416666666667,-52.220310507963,0.4812354165
2001,2001-05-14,134,870,0.86989205,NA,757,113,0,0,10.78333333,16,2840,2.73,-12.8557521937308,14.638638141798,18.6666666666667,131.054271211636,0.0717125
2001,2001-05-15,135,30,0.862138703,NA,26,4,0,0,11.07916667,11.8,2910,2.62,-7.86646329649038,13.3854242447387,17.25,124.512055020729,0.35305625
2002,2002-04-18,108,17300,0.134935099,NA,2334,14966,0,0,8.566666667,0,2530,3.36,-3.76222157658236,-4.49951326780577,7.125,-123.591081373126,0.534185417
2002,2002-04-19,109,42400,0.223966589,0.141439206,9496,32904,1,0,9.141666667,0,2570,3.25,-3.42020143325669,5.95442325903662,9.41666666666667,123.213158508405,0.36845
2002,2002-04-20,110,39800,0.337534144,0.197875166,13434,26366,1,0,9.408333333,0,2590,3.22,-2.25742630967009,6.89365427108546,10.625,133.656113013567,0.424070833
2002,2002-04-22,112,37800,0.579749119,0.877316858,21915,15885,0,0,8.708333333,0.4,2670,3.07,9.98717491255087,-36.6480122106504,35.3333333333333,-76.7327896994715,0.28458125
2002,2002-04-23,113,67000,0.679046461,NA,45496,21504,0,0,7.258333333,0,3020,3.07,4.59128550525265,-18.6602540378444,19.7083333333333,-69.0501708259443,0.561214583
2002,2002-04-24,114,129000,0.755862369,NA,97506,31494,0,0,6.979166667,0,3190,2.81,-0.955064977168118,-1.19707050163984,11.7916666666667,97.7002031774753,0.371152083
2002,2002-04-25,115,117000,0.812135403,NA,95020,21980,0,0,8.395833333,0,3200,2.97,5.5883267691846,-7.94682713554273,12.0833333333333,-54.4955653369912,0.500041667
2002,2002-04-26,116,195700,0.852059782,NA,166748,28952,1,0,7.320833333,14.6,3170,3.42,6.73533494602307e-16,9.91644264156714,15.9583333333333,83.2245595782762,0.157554167
2002,2002-04-27,117,166000,0.879831521,NA,146052,19948,0,0,9.220833333,0,3040,3.85,6.94682713554273,-10.7246222036657,16,-42.7591745707162,0.564995833
2002,2002-04-28,118,73400,0.898795048,NA,65972,7428,0,0,10.975,0,2860,3.98,-4.33455798802262,8.22848024186721,14.125,124.399582523267,0.560458333
2002,2002-04-29,119,52400,0.911336462,0.880418535,47754,4646,0,0,11.325,0,2940,4.13,3.76222157658235,-7.79422863405995,11.125,-71.4398174913413,0.56681875
2002,2002-04-30,120,58500,0.919034752,0.864442127,53764,4736,0,0,12.3375,0,3090,4.09,7.28533185327597,-12.2144843271305,11.4166666666667,-44.84975556749,0.573697917
2002,2002-05-01,121,48530,0.922843855,0.906788793,44786,3744,1,0,10.55416667,0,3440,3.88,-9.19626186323369,18.9232056494879,21.2083333333333,114.544161996432,0.28603125
2002,2002-05-02,122,15300,0.923228135,0.84406165,14125,1175,0,0,9.841666667,1,3980,3.57,-3.12566719800475,4.43163488855494,19.9166666666667,158.839185658068,0.21206875
2002,2002-05-03,123,57500,0.920234091,0.961449499,52913,4587,0,0,9.325,0,4430,3.32,-5.78108891324554,-2.92836282905962,12.7083333333333,-169.591602671935,0.511879167
2002,2002-05-04,124,48650,0.913497714,0.928863451,44442,4208,0,0,8.575,0.2,5030,2.88,-18.7938524157182,5.20944533000791,19.9583333333333,171.58528264453,0.237322917
2002,2002-05-05,125,27050,0.90218773,NA,24404,2646,0,0,8.166666667,1,5400,2.57,-8.35424171990804,-14.638638141798,22.5416666666667,-119.282716198797,0.327779167
2002,2002-05-06,126,37500,0.884884339,NA,33183,4317,1,0,6.225,2.6,5390,2.37,-6.12303176911189e-16,-8.03533185327597,12.5416666666667,-73.8515126932146,0.386197917
2002,2002-05-07,127,11150,0.859404287,NA,9582,1568,0,0,8.225,0,5040,2.04,-4.10424171990803,3.41847588653733,11.2083333333333,149.176188173025,0.565491667
2002,2002-05-08,128,680,0.822629738,NA,559,121,0,0,9.5875,0,4760,2.23,-4.2193721399273,5.93115555091642,12.9583333333333,136.096155921893,0.472091667
2002,2002-05-09,129,4500,0.770523055,NA,3467,1033,0,0,9.358333333,0,4520,2.42,3.67381906146713e-16,-12.8025007891587,11.0833333333333,-69.4852188699828,0.595266667
2002,2002-05-10,130,4000,0.698749812,0.953389831,2795,1205,1,0,10.47083333,0,4270,2.66,-1.38918542133544,1.96961550602442,9.45833333333333,148.98287627691,0.5616875
2002,2002-05-13,133,802,0.365890406,0.293680297,293,509,0,0,11.0875,11.4,4190,3.51,-9.20940158404811,11.0928598069344,16.5416666666667,134.926703909194,0.0839
2002,2002-05-15,135,198,0.152909805,0.541666667,30,168,1,0,10.125,0,4160,3.88,-3.76222157658236,1.75,9.75,165.52659462182,0.577366667
2003,2003-04-16,106,50550,0.003463308,NA,175,50375,0,0,9.195833333,0.2,2150,3.24,-2.32842176247898,9.59994430287743,12.9583333333333,116.479221971605,0.1620125
2003,2003-04-17,107,63900,0.009432346,0.077586207,603,63297,0,0,8.516666667,1.4,2290,3.75,-4.47313093161685,1.91012995433623,8.16666666666667,166.44041218631,0.390495833
2003,2003-04-18,108,46500,0.023913646,NA,1112,45388,0,1,9.2,3.2,2330,4.09,-5.36231110183285,2.60472266500395,9.91666666666667,143.344820080629,0.389416667
2003,2003-04-19,109,51450,0.055884199,0.102415459,2875,48575,0,0,10.04583333,1.4,2390,4.13,1.7364817766693,10.8328852831343,12.25,83.0398419935892,0.184091667
2003,2003-04-20,110,67400,0.118393764,0.094133697,7980,59420,0,0,11.87916667,1,2410,4.16,0.520944533000792,5.63815572471545,7.70833333333333,80.0531389341112,0.278947917
2003,2003-04-21,111,44210,0.222459847,0.250847458,9835,34375,1,1,10.23333333,1,2360,3.93,9.60424171990802,-19.9185842870421,24.0416666666667,-75.5929430104289,0.2103
2003,2003-04-22,112,51800,0.364023128,0.288321168,18856,32944,1,0,10.75,0,2320,3.69,-3.12566719800475,-3.34002239535852,15.9583333333333,-136.330796352674,0.4802625
2003,2003-04-23,113,40000,0.518142571,0.454935622,20726,19274,0,0,8.245833333,19.4,2370,3.44,1.30236133250198,14.8860581475916,16.3333333333333,86.7141499357958,0.094910417
2003,2003-04-24,114,78100,0.654810467,0.750410509,51141,26959,0,0,7.25,24.4,2500,3.16,-3.75877048314363,1.36808057330268,9.04166666666667,159.900327683534,0.09854375
2003,2003-04-25,115,65000,0.758597434,0.980645161,49309,15691,0,0,8.508333333,0,2670,2.81,3.94779101719277,-13.7774222096303,16.375,-38.5943840204083,0.466277083
2003,2003-04-26,116,113200,0.83017408,NA,93976,19224,0,0,9.620833333,0,2830,2.61,1.30236133250198,-9.95857776054672,17.4583333333333,-82.0249641231502,0.504791667
2003,2003-04-27,117,90000,0.877161515,NA,78945,11055,1,1,10.90416667,0,3100,2.28,1.16337603613126e-15,3.75877048314363,12.2916666666667,75.2760736839034,0.31871875
2003,2003-04-28,118,81000,0.907365453,NA,73497,7503,1,0,11.35,0,3650,2.34,11.8518156154145,-17.0867429121531,17.125,-42.3613276084621,0.559635417
2003,2003-04-29,119,87500,0.926562621,NA,81074,6426,1,1,13.00416667,0,3920,2.59,2.2574263096701,-8.35623892592501,12.5,-82.9871406305647,0.48376875
2003,2003-04-30,120,55000,0.938504122,0.946721311,51618,3382,0,0,13.425,0,3790,2.75,-5.66995806715958,11.1080020351084,15.0833333333333,125.10063221656,0.55474375
2003,2003-05-01,121,53000,0.945457499,NA,50109,2891,0,0,12.9375,0,3560,3.01,-2.60472266500395,3.75877048314363,9.70833333333333,147.977485325413,0.5154875
2003,2003-05-02,122,48200,0.948688392,0.858072917,45727,2473,2,0,11.8125,0,3480,3.24,-4.16755626400633,14.7721162951831,16.2916666666667,122.487339953978,0.410191667
2003,2003-05-03,123,25800,0.948765141,0.961267606,24478,1322,1,0,10.50833333,0,3400,3.41,-8.93053099090485,13.8860581475916,18.5833333333333,122.474880829579,0.228289583
2003,2003-05-04,124,18700,0.94570107,0.944262295,17685,1015,0,0,8.954166667,6.7,3350,3.43,3.97997064992273e-16,8.6683094143225,16.4166666666667,91.5050141869984,0.233304167
2003,2003-05-05,125,32200,0.938957847,0.963302752,30234,1966,0,0,10.025,0,3380,3.45,-5.96995597488409e-15,-16.7774222096303,18.5416666666667,-99.3224548101614,0.567675
2003,2003-05-06,126,16800,0.927310596,0.880116959,15579,1221,0,0,9.295833333,0,3280,3.45,-2.95201902033782,-2,9.33333333333333,-137.529541128674,0.571775
2003,2003-05-07,127,18400,0.908552118,NA,16717,1683,0,0,9.945833333,0,3210,3.29,6.12303176911189e-16,9.72928888027336,14.25,100.068983396255,0.446727083
2003,2003-05-08,128,16910,0.87901934,0.946808511,14864,2046,0,0,11.1375,0,3100,3.11,9.5,-15.3208888623796,17.125,-40.0990594670675,0.553902083
2003,2003-05-09,129,23130,0.833046267,NA,19268,3862,0,0,12.58333333,0,2970,3.04,-4.5,3.85672565811924,10.375,158.979532710646,0.410279167
2004,2004-04-15,106,101500,0.035655915,0.037037037,3619,97881,0,0,10.27916667,0.8,2890,3.01,-1.91012995433623,8.86326977710987,10.7083333333333,108.658771833084,0.303489583
2004,2004-04-16,107,110000,0.062525686,NA,6878,103122,0,0,10.7,0,3130,2.72,-2.25742630967009,12.8025007891587,14.0416666666667,122.224754657464,0.36978125
2004,2004-04-19,110,99500,0.238630855,NA,23744,75756,0,0,10.97083333,4.2,2970,2.98,-2.77837084267088,20.45407308995,22.75,102.671682756062,0.224608333
2004,2004-04-20,111,77000,0.327720272,0.185185185,25234,51766,0,0,10.7,1.6,2810,3.29,-10.4500721972479,16.9264888743088,20.3333333333333,120.029702851086,0.22955625
2004,2004-04-21,112,47200,0.422166397,0.767175573,19926,27274,0,0,11.25416667,0,2680,3.38,7.5,-14.1556349595731,21.9583333333333,-47.3866293136571,0.541175
2004,2004-04-22,113,53500,0.513417429,0.413793103,27468,26032,1,0,12.925,0,2590,3.55,-4.81515107494251,13.5590724224056,15,109.678825363006,0.48778125
2004,2004-04-23,114,55450,0.594883981,0.472222222,32986,22464,0,0,11.7375,3.6,2580,3.36,-4.77596477990727e-15,-16.8318093570283,23.0833333333333,-123.406194299877,0.43753125
2004,2004-04-24,115,46000,0.663212774,0.851485149,30508,15492,1,1,10.81666667,0,2600,3.37,0.684040286651337,-15.3486032088479,17.625,-84.7916810873158,0.52040625
2004,2004-04-25,116,65500,0.717893671,NA,47022,18478,0,0,11.55,0,2570,3.21,4,-12.9903810567666,10.2083333333333,-54.2888149895471,0.534720833
2004,2004-04-26,117,59000,0.760126218,0.820987654,44847,14153,0,0,14.30416667,0,2650,2.94,2.25742630967009,-8.86326977710987,8.70833333333333,-61.97028210995,0.555922917
2004,2004-04-27,118,101000,0.791773201,0.769444444,79969,21031,0,0,11.97916667,0.2,2860,2.67,7.95994129984545e-16,-37,34.7083333333333,-64.1323638488787,0.391172917
2004,2004-04-28,119,82000,0.814703036,NA,66806,15194,0,0,11.3625,0,2840,2.66,1.91012995433623,-3.06417777247591,9.79166666666667,-60.2072313350773,0.55421875
2004,2004-04-29,120,35600,0.830478466,NA,29565,6035,0,0,12.7375,0,2880,2.55,1.04188906600158,-5.90884651807325,8.04166666666667,-76.904503809415,0.5535125
2004,2004-04-30,121,60000,0.840254304,NA,50415,9585,0,0,15.1125,0,3380,2.45,3.85072629431559,-5.6971999940354,7.25,-44.2333806430283,0.547741667
2004,2004-05-01,122,25990,0.844770739,NA,21956,4034,1,0,17.45,0,3920,2.25,-3.42020143325669,-5.16322728629583,8.125,-148.48314563482,0.452379167
2004,2004-05-02,123,26300,0.844374568,NA,22207,4093,1,0,15.29583333,2.8,4050,2.64,-6.1971999940354,-6.73533494602307e-16,9.875,179.645178322089,0.482308333
2004,2004-05-03,124,17900,0.839035269,0.833333333,15019,2881,0,0,13.22083333,1,4010,3.19,-3.42020143325669,10.1475982945959,11.5416666666667,107.791767949027,0.18626875
2004,2004-05-04,125,1800,0.828343434,NA,1491,309,1,1,12.45833333,0.6,4110,3.69,-3.76222157658236,8.35623892592501,11.2916666666667,128.230356863169,0.311333333
2004,2004-05-05,126,2240,0.811492596,NA,1818,422,0,0,11.725,0.4,4510,4.14,-3.44562501619332,3.67836282905962,10.5833333333333,141.909362987406,0.428477083
2004,2004-05-06,127,3050,0.787259563,NA,2401,649,0,0,11.97916667,0,4870,4.4,5.71162210594715,-7.87883488259034,11.0833333333333,-43.7961215813271,0.526441667
2004,2004-05-07,128,2000,0.754020934,NA,1508,492,0,0,13.43333333,1.4,5030,4.56,-4.49951326780578,6.89365427108546,10.2916666666667,122.191735289068,0.252479167
2005,2005-04-18,108,27500,0.052754165,NA,1451,26049,0,0,9.370833333,0,1900,2.63,6.57784834550136,-13,15.6666666666667,-26.396152732245,0.49274375
2005,2005-04-19,109,47900,0.109006176,0.089350181,5221,42679,0,0,9.825,0,1900,2.39,8.62438132619619,-18.5638601645972,17.25,-43.3449234422383,0.5153375
2005,2005-04-20,110,55425,0.202050395,0.170466884,11199,44226,0,0,11.5,0,1970,2.24,1.53208888623796,-6,11.25,-78.8194483107455,0.520208333
2005,2005-04-21,111,61100,0.330549249,0.46997389,20197,40903,0,0,12.23333333,0,2140,2.18,-3.29931537567168,9,12.3333333333333,143.620822911788,0.423625
2005,2005-04-22,112,95700,0.475655793,NA,45520,50180,0,0,13.6125,0,2260,2.47,3.18347212079315,-9.19477460936935,7.41666666666667,-70.0701662046974,0.51184375
2005,2005-04-23,113,121500,0.610928279,0.854545455,74228,47272,0,0,15.15,0.2,2490,2.87,5.28851522291562,-12.6031925634917,18.375,-74.1887454762891,0.458845833
2005,2005-04-24,114,142200,0.719161731,0.726750861,102265,39935,1,0,14.0625,0,2830,3.24,-2.25742630967009,-8.6243813261962,16.5416666666667,-116.627988373487,0.457672917
2005,2005-04-25,115,124000,0.797351147,0.863226863,98872,25128,0,0,14.15416667,0,3300,3.7,-2.25742630967009,5.14254424358943,11.5833333333333,132.683146841949,0.520070833
2005,2005-04-26,116,71600,0.850655985,0.805194805,60907,10693,0,0,14.8125,0,3840,3.98,-4.77365503188061,7.9471999940354,12.375,141.297664905104,0.508672917
2005,2005-04-27,117,38650,0.885958922,0.969072165,34242,4408,0,0,15.3,0,4420,4.07,5.77350112139435,-8.62916512459885,12.9166666666667,-46.9321063826342,0.552058333
2005,2005-04-28,118,49650,0.908950731,0.939779006,45129,4521,1,0,15.95833333,0,4840,4.09,-1.36808057330267,-1.36808057330267,7.95833333333333,-120.064185253747,0.528722917
2005,2005-04-29,119,36700,0.92358544,0.932078009,33896,2804,0,0,13.49583333,0,5200,3.94,-4.54788996325982,7.38605814759156,12.4166666666667,142.811641927496,0.502841667
2005,2005-04-30,120,28850,0.932372122,0.898678414,26899,1951,0,0,12.75833333,0,5230,3.65,6.73533494602307e-16,11,12.2083333333333,89.3234089120137,0.235725
2005,2005-05-01,121,79650,0.936775694,0.842553191,74614,5036,1,0,13.2875,0,5000,3.49,6.49919136159385,-11.7371671597073,11,-56.0381913332578,0.489875
2005,2005-05-02,122,69820,0.937509954,0.855520505,65457,4363,0,0,12.90416667,2.6,4690,3.22,6.84040286651336,-16.4544826719043,13.625,-77.068576892625,0.131866667
2005,2005-05-03,123,27000,0.934692263,NA,25237,1763,0,0,13.09166667,0,4420,2.86,-4.5,-1.46952762458685e-15,6.70833333333333,-155.369285256074,0.164291667
2005,2005-05-04,124,12100,0.927869576,NA,11227,873,2,0,13.19166667,0.4,4220,2.53,0.684040286651338,4.47746145292513,10,81.8871058535068,0.091533333
2005,2005-05-05,125,13700,0.915918852,0.891816921,12548,1152,0,0,14.1625,0,4090,2.89,8.89252372646737,-17.3205080756888,16.5833333333333,-56.6372978666393,0.288129167
2005,2005-05-06,126,14250,0.896812328,0.853896104,12780,1470,1,0,13.62083333,0,4070,3.17,-2.86519493150435,11.6064822920221,12.7083333333333,109.72538843043,0.272727083
2005,2005-05-07,127,2450,0.867251282,NA,2125,325,1,0,12.77916667,0,4140,3.5,-6.21648740419239,9.19253331742773,12.5833333333333,125.570343742335,0.198816667
2005,2005-05-09,129,3242,0.755337122,0.87755102,2449,793,0,0,14.02083333,1.8,4580,3.87,12.6064822920221,-18.6188317983911,23.75,-55.9123297215823,0.254385417
2005,2005-05-10,130,1190,0.659961251,0.623318386,785,405,0,0,15.65416667,0,4840,3.9,-8.46324443715438,11.8518156154145,15.2083333333333,129.453675036141,0.379889583
2005,2005-05-11,131,1640,0.534789163,NA,877,763,0,0,14.85,0,4880,3.89,-7.1971999940354,8.91089467637099,14,141.422199647794,0.441095833
2005,2005-05-12,132,890,0.390803474,NA,348,542,0,0,13.80833333,0,4880,3.645,-3.99975663390289,8.07523377999248,10.9583333333333,129.311061198408,0.260958333
2005,2005-05-13,133,1000,0.252215229,NA,252,748,0,0,15.17083333,0.2,4980,3.4,-2.08377813200316,0.505115896976215,8.91666666666667,144.022693469761,0.273389583
2006,2006-04-18,108,18000,0.419788341,NA,7556,10444,0,0,9.279166667,0.6,2070,3.63,-2.84145197746749,10.8801373239027,13.3333333333333,109.312744556823,0.25338125
2006,2006-04-19,109,18000,0.472845397,NA,8511,9489,0,0,10.07916667,0.6,1960,3.61,1.91012995433623,8.45723358707318,9.54166666666667,60.9980944278041,0.1214
2006,2006-04-20,110,71350,0.524288463,0.345718901,37408,33942,1,0,9.458333333,1.6,1890,3.46,10.26060429977,-20.7846096908265,19.5,-56.6077258186826,0.200120833
2006,2006-04-21,111,108400,0.573030162,NA,62116,46284,0,0,8.283333333,1.6,1900,3.53,4.86214897467404,-24.8025007891587,25.2916666666667,-78.8923807518687,0.468275
2006,2006-04-22,112,142400,0.618281023,0.878571429,88043,54357,1,0,8.354166667,0,1890,3.27,12.8557521937308,-19.9171555210934,19.75,-44.2855572913316,0.518660417
2006,2006-04-23,113,187600,0.659559242,0.96,123733,63867,1,0,10.8875,0,2060,3.07,8.5,-14.7224318643355,15.5416666666667,-58.2385102789285,0.529872917
2006,2006-04-24,114,138500,0.696659697,0.813232831,96487,42013,0,0,11.7,0,2360,2.69,5.5052474296215,-9.78411470113397,13.125,-41.2408893414491,0.5351625
2006,2006-04-25,115,191500,0.729599525,NA,139718,51782,1,0,12.5625,0,2430,2.9,-5.81434243653637,7.92811946296251,13.1666666666667,113.731679967638,0.5116125
2006,2006-04-26,116,190000,0.758556252,0.873493976,144126,45874,1,0,9.533333333,0.2,2430,3.37,-3.35712029846009,14.4337528034859,16.0416666666667,111.751925908085,0.157447917
2006,2006-04-27,117,178000,0.783809836,NA,139518,38482,1,0,10.85416667,0.6,2430,3.83,7.95994129984545e-16,9,10.2083333333333,67.0761914450978,0.16973125
2006,2006-04-28,118,108300,0.805694729,0.768644068,87257,21043,1,0,13.33333333,0,2520,4.06,-2.56515107494252,-2.78557521937308,6.625,-91.2627467144333,0.371491667
2006,2006-04-29,119,75500,0.824563888,0.78030303,62255,13245,0,0,9.608333333,6.6,2760,4.2,1.91012995433623,-17.3205080756888,19.25,-71.5014594384839,0.1462625
2006,2006-04-30,120,122000,0.840764018,0.878012048,102573,19427,1,0,8.825,0,2900,4.33,-2.73616114660535,2.05212085995401,9.16666666666667,154.15974476773,0.44993125
2006,2006-05-01,121,54100,0.854620093,0.775659824,46235,7865,1,0,9.370833333,1.2,2920,3.98,15.0488863063294,-38.3162576093688,36.7916666666667,-61.7502151139285,0.556872917
2006,2006-05-02,122,55000,0.866426848,0.886705202,47653,7347,1,1,9.220833333,0,3080,3.76,10,-18.3850666348555,17.7083333333333,-52.0999474020622,0.55364375
2006,2006-05-03,123,84000,0.876445154,0.849250197,73621,10379,0,0,11.14583333,0,3200,3.41,14.1413274131039,-17.3205080756888,20.9166666666667,-50.909430666448,0.568558333
2006,2006-05-04,124,75000,0.884901532,0.889724311,66368,8632,2,0,12.84583333,0,3140,3.03,2.15213547880795,-5.90884651807325,7.16666666666667,-69.1247489094368,0.535370833
2006,2006-05-05,125,47500,0.891989566,0.887052342,42370,5130,0,0,14.08333333,0,3080,2.65,-3.27114145253439,-6.28108891324553,7.08333333333333,-119.592183405981,0.483333333
2006,2006-05-06,126,45200,0.897872281,0.792592593,40584,4616,0,0,10.48333333,2.6,3030,2.4,-3.5,6,10.9166666666667,139.374233975166,0.158460417
2006,2006-05-07,127,38150,0.902684915,NA,34437,3713,0,0,10.59583333,8.4,2960,1.96,-11.4278760968654,3.06151588455594e-15,23.7916666666667,-172.98076453431,0.291529167
2006,2006-05-08,128,50300,0.906537683,0.929022082,45599,4701,1,0,10.10833333,0,2940,2.05,6.9459271066772,-34.618449162253,34.25,-81.1366354000415,0.5932
2006,2006-05-09,129,30050,0.909518326,0.937219731,27331,2719,0,0,10.24166667,0,3000,2.33,-2.75536429610035e-15,-6.8943999880708,9.20833333333333,-108.872992812267,0.56006875
2006,2006-05-10,130,16655,0.91169431,0.909722222,15184,1471,0,0,11.9125,0,3110,2.67,0.781416799501185,-3.57658453024077,7.875,-50.8975439106213,0.5193625
2006,2006-05-11,131,6150,0.913114602,0.982142857,5616,534,1,0,11.87916667,0,3200,2.82,-5.13030214988503,8.86326977710987,15.2083333333333,129.064967434861,0.30765625
2006,2006-05-12,132,4670,0.91381102,NA,4267,403,1,0,10.37916667,0,3160,3.27,-2.67308001180875,-17.2979457980699,16.25,-94.5219248678254,0.535208333
2006,2006-05-13,133,8200,0.913799116,NA,7493,707,0,0,10.66666667,0,3030,3.61,5.90884651807325,-12.8025007891587,12.125,-50.8692540468531,0.59995625
2006,2006-05-14,134,6725,0.913078626,0.897310513,6140,585,0,0,12.62083333,0,2970,3.98,9.64181414529809,-12.9230666252487,15.5833333333333,-39.1774091691216,0.56375625
2006,2006-05-15,135,5665,0.911633457,0.929236499,5164,501,0,0,15.54166667,0,3050,4.11,10.9273893646712,-10.9273893646712,14.8333333333333,-41.3795099404807,0.521729167
2007,2007-04-16,106,67000,0.021179834,0.058524173,1419,65581,0,0,7.870833333,11.6,3230,3.18,-4.78828200655936,11.045607766166,14.6666666666667,120.470292031424,0.102754167
2007,2007-04-17,107,70500,0.046659984,0.0625,3290,67210,1,0,7.595833333,2.6,3280,3.78,-5.13030214988503,4.5,12.375,123.298804856959,0.31589375
2007,2007-04-18,108,78000,0.094817724,0.2,7396,70604,0,0,7.7125,0,3350,4.26,-2.05212085995402,-2.05212085995401,6.875,-163.42182622801,0.4338875
2007,2007-04-19,109,94000,0.175001896,0.164665523,16450,77550,2,0,7.7,0,3290,4.36,4.28612223837832e-16,-10.336618828645,11.5833333333333,-76.3236669117241,0.478052083
2007,2007-04-20,110,60700,0.288989343,0.411458333,17542,43158,0,0,8.233333333,0,3290,4.31,-1.21553724366851,3.85672565811924,8.875,88.7005358710068,0.507679167
2007,2007-04-21,111,65000,0.424257492,0.45323741,27577,37423,1,0,9.629166667,0,3280,4.24,-3.07818128993102,1.36808057330268,7.91666666666667,140.033238360725,0.285383333
2007,2007-04-22,112,57500,0.558320499,0.659003831,32103,25397,0,0,11.45416667,2.8,3240,3.87,-3.5,6.28028027483939,11.5,119.162134482295,0.385133333
2007,2007-04-23,113,60400,0.672322502,0.896373057,40608,19792,1,0,11.6625,0,3200,3.48,-5.13030214988503,7.71345131623847,11.4166666666667,133.318999331108,0.45325
2007,2007-04-24,114,126400,0.759101319,0.611413043,95950,30450,0,0,10.74166667,5.4,3220,3.18,-8,7.71324443715438,14.4583333333333,138.615031603057,0.166304167
2007,2007-04-25,115,126800,0.820759311,0.853476821,104072,22728,1,0,8.6875,2,3310,2.83,-2.77837084267088,14.8860581475916,14.9583333333333,108.477561749037,0.1695125
2007,2007-04-26,116,153000,0.862940769,0.872472784,132030,20970,0,0,9.675,11.4,3720,2.42,-12.6178600585334,14.3480859161822,19.0416666666667,126.414072647202,0.100210417
2007,2007-04-27,117,107500,0.891199887,0.867283951,95804,11696,1,0,11.02083333,11.6,4380,2.04,-11.2763114494309,8.47861679353659,15.5416666666667,142.368783070679,0.089410417
2007,2007-04-28,118,128000,0.909773364,NA,116451,11549,1,0,9.741666667,0,4770,2.31,4.52126426097378,-10.1475982945959,12.125,-67.6966845132523,0.541816667
2007,2007-04-29,119,180000,0.921534145,0.946768061,165876,14124,0,0,10.10416667,0,4550,2.5,1.56283359900237,-9.52627944162882,11.4166666666667,-75.2485895206956,0.5365375
2007,2007-04-30,120,86200,0.928280594,0.872340426,80018,6182,1,1,10.6625,0,4460,2.69,-2.15477358481205,3.87822605255626,10.3333333333333,151.092279627125,0.437497917
2007,2007-05-01,121,41300,0.931019738,0.916666667,38451,2849,1,0,10.075,1.4,4350,3.08,-2.60472266500395,12.8025007891587,14.5,97.6368721794569,0.20029375
2007,2007-05-02,122,48000,0.930152772,NA,44647,3353,1,0,10.12916667,7.4,4200,3.25,-3.01510015513442,9.26313972081441,14.25,113.087535284763,0.186129167
2007,2007-05-03,123,13300,0.925553264,NA,12310,990,0,0,9.175,4.4,4030,3.53,-4.13111078829118,3,9.125,153.865994383184,0.405097917
2007,2007-05-04,124,4420,0.916542283,0.946731235,4051,369,0,0,9.725,0,3870,3.6,-0.607768621834258,-12.5543675619141,11.0833333333333,-96.3474035279791,0.562729167
2007,2007-05-05,125,5955,0.90175862,NA,5370,585,0,0,10.31666667,0,3910,3.68,-6.57784834550136,3.47296355333861,13.9583333333333,163.606950711341,0.38885
2007,2007-05-06,126,9050,0.878922046,0.90952381,7954,1096,0,0,10.18333333,4.4,4140,3.53,-1.56283359900237,8.39136390011688,10.125,95.0713020665339,0.13328125
2007,2007-05-07,127,9600,0.844525717,NA,8107,1493,0,0,14.19583333,0.4,4260,3.52,-2.08377813200316,11,12.875,105.210176938671,0.38571875
2007,2007-05-08,128,11500,0.793641854,0.803167421,9127,2373,0,0,12.99166667,0,4410,3.2,-2.43107448733702,4.22861679353659,25.5416666666667,174.455706914568,0.32145625
2007,2007-05-09,129,6740,0.72039751,NA,4855,1885,0,0,10.08333333,0,4590,3.18,8.35623892592501,-15.4873872766802,20.2083333333333,-64.1182596333936,0.540541667
2007,2007-05-10,130,3450,0.620233727,NA,2140,1310,0,0,11.1125,0,5120,2.95,6.73533494602307e-16,-6.89365427108546,7.91666666666667,-76.5778938418341,0.583225
2007,2007-05-11,131,8500,0.494834564,NA,4206,4294,0,0,11.43333333,0,6000,2.63,2.87871315483505,-6.47828890728094,13.25,-25.3881290754109,0.574889583
2007,2007-05-14,134,700,0.131686898,NA,92,608,0,0,12.1125,0,5890,3.3,7.07066370655193,-9.64181414529809,11.5833333333333,-67.881409563339,0.55760625
2008,2008-04-16,107,77600,0.012530732,0.155844156,972,76628,0,0,8.758333333,0,1200,2.52,-4.10424171990802,9.59994430287743,12.7916666666667,133.018189644759,0.206641667
2008,2008-04-17,108,105000,0.027594365,NA,2897,102103,0,0,9.325,0,1330,2.4,-2.38798238995364e-15,-8.45723358707317,15.2916666666667,-99.603052617912,0.290141667
2008,2008-04-18,109,80000,0.05699605,NA,4560,75440,2,0,5.004166667,6.2,1420,2.66,-5.14334668605398e-15,-22.9406262738825,27.7083333333333,-111.968619489347,0.36685625
2008,2008-04-19,110,31500,0.109219119,NA,3440,28060,0,0,4.0625,5.2,1510,2.82,3.21249128683821,12.8025007891587,17.375,62.4890579120724,0.43984375
2008,2008-04-20,111,45100,0.191526307,0.28,8638,36462,0,1,4.1625,0,1580,3.09,-1.56283359900237,3.06417777247591,9.375,141.704468814084,0.4524125
2008,2008-04-21,112,63800,0.303596358,0.278615794,19369,44431,0,0,5.545833333,0.2,1570,3.37,-1.21553724366851,6.84040286651338,12.2083333333333,113.658442418787,0.497116667
2008,2008-04-22,113,68100,0.433136747,0.513812155,29497,38603,0,0,7.366666667,0,1530,3.58,3.42020143325669,5.89254424358943,15.5416666666667,37.0548735318694,0.489760417
2008,2008-04-23,114,107300,0.560545044,0.484543494,60146,47154,0,0,8.670833333,0,1460,3.48,-7.34763812293426e-16,7,12.1666666666667,103.856485322328,0.270454167
2008,2008-04-24,115,98500,0.669757079,0.769827586,65971,32529,1,1,8.945833333,0,1390,3.35,-10.7246222036657,-14.3480859161822,18.4166666666667,-153.133810639289,0.275714583
2008,2008-04-25,116,130000,0.754372843,0.705587393,98068,31932,0,0,8.225,0,1330,3.27,-3.76222157658236,-9,11.375,-104.229896715442,0.478858333
2008,2008-04-26,117,115100,0.815827568,0.881927711,93902,21198,0,0,8.9625,0,1300,3.16,4.89842541528951e-16,-4.77192948516125,8,-75.067667586196,0.468489583
2008,2008-04-27,118,152000,0.858861061,0.915105386,130547,21453,0,0,11.42083333,2,1270,2.9,-1.36808057330267,2.05212085995401,8.08333333333333,135.877024735057,0.127491667
2008,2008-04-28,119,131500,0.888416491,0.911778963,116827,14673,0,0,10.43333333,13.2,1320,2.67,-6.06907786235772,6.77619567431582,12.625,146.625646500421,0.228729167
2008,2008-04-29,120,55300,0.908440936,NA,50237,5063,0,0,8.091666667,0.2,1480,2.6,-2.60472266500395,-9,12.8333333333333,-108.62413050895,0.492279167
2008,2008-04-30,121,117500,0.921730655,1,108303,9197,0,1,8.479166667,0,1660,2.46,1.21553724366851,-12.8557521937308,17.9583333333333,-89.5252593905833,0.52041875
2008,2008-05-01,122,76500,0.930132188,0.968394437,71155,5345,1,0,9.054166667,0,1900,2.26,-3.29931537567168,12.1064822920221,16.0833333333333,108.399391890352,0.431585417
2008,2008-05-02,123,54000,0.934784539,0.813242784,50478,3522,0,0,9.408333333,1,2160,2.58,1.91012995433623,5.5,8.125,62.4063865797241,0.164439583
2008,2008-05-03,124,22400,0.936302335,NA,20973,1427,1,0,9.620833333,6.6,2370,3.21,8.28236118287052,-8.26810706668445,10.4166666666667,-56.6035535205546,0.284777083
2008,2008-05-04,125,48000,0.934882941,0.872222222,44874,3126,0,0,10.60833333,0,2610,3.7,2.73616114660535,-6.73575130829341,6.54166666666667,-64.6782974598175,0.429554167
2008,2008-05-05,126,13620,0.930341839,NA,12671,949,1,0,12.19583333,0,2850,4.21,-2.84145197746749,-4.47288756551973,8.5,-113.62516369198,0.42179375
2008,2008-05-06,127,5200,0.922079536,NA,4795,405,0,0,10.725,0,3140,4.58,-5.13030214988503,4.82090707264905,9.95833333333333,148.633262346827,0.369654167
2008,2008-05-07,128,12300,0.90897693,0.758957655,11180,1120,0,0,10.07083333,0,3370,4.64,-3.94935549107717e-15,-16.8612159321677,19,-102.258749683265,0.44235625
2008,2008-05-08,129,18600,0.889214618,0.944805195,16539,2061,1,0,9.716666667,0,3440,4.61,-2.02060048380692e-15,-14.7721162951831,15,-94.5680735132405,0.464264583
2008,2008-05-09,130,16940,0.860031794,0.943952802,14569,2371,0,0,10.60833333,0,3540,4.4,-4.13716685631883,6,11.0416666666667,133.826717526327,0.480208333
2008,2008-05-12,133,2050,0.672964553,NA,1380,670,0,0,10.5,0,3700,3.08,-4.63111078829118,6.5,12.25,141.163644805699,0.411202083
2009,2009-04-17,107,53320,0.10752044,0.115264798,5733,47587,0,0,10.55833333,11.2,1870,2.72,-10.4429835626089,3.75,17.5416666666667,169.0075752747,0.32838125
2009,2009-04-18,108,36800,0.173334424,NA,6379,30421,0,0,8.954166667,0,2060,2.44,-2.05212085995401,5.63815572471545,10.0833333333333,133.443962585758,0.372622917
2009,2009-04-19,109,40500,0.260058292,0.166666667,10532,29968,1,0,11.29166667,3.2,2250,2.37,7.95994129984545e-16,11.2583302491977,10.875,85.6358355002309,0.11603125
2009,2009-04-20,110,38050,0.36197849,NA,13773,24277,0,0,13.24166667,0.4,2420,2.16,-0.868240888334652,5.95442325903662,10.625,98.0509366570112,0.196654167
2009,2009-04-21,111,120000,0.468655602,0.616795367,56239,63761,0,0,11.83333333,0.4,2640,2.04,-2.05212085995401,-5.90884651807325,10,-118.72595690096,0
2009,2009-04-22,112,136000,0.569072836,0.662576687,77394,58606,1,0,8.15,0,3010,2.49,1.12871315483505,-31.2341356777136,33,-102.753452751832,0.4605875
2009,2009-04-23,113,141400,0.655667831,NA,92711,48689,0,0,8.25,0,3320,2.85,3.76222157658235,-12.2160040702168,12.3333333333333,-72.0187158346802,0.5139625
2009,2009-04-24,114,160000,0.725596068,0.480263158,116095,43905,1,0,9.233333333,0,3760,3.37,-5.45769531853194,4.22861679353659,12.125,146.152795362261,0.486110417
2009,2009-04-25,115,134000,0.77955991,0.838944495,104461,29539,0,0,9.2,0,3890,3.72,2.25742630967009,-12.8557521937308,19.5,-93.2049145390705,0.486091667
2009,2009-04-26,116,121000,0.819975499,0.848324515,99217,21783,0,0,9.158333333,0,3800,4.18,-2.38798238995364e-15,-4.49951326780578,7.79166666666667,-86.2933599860488,0.50846875
2009,2009-04-27,117,93500,0.849620287,0.895,79439,14061,0,0,10.96666667,0,3670,4.32,10.9360169755463,-11.9750724488469,19.2916666666667,-38.0379342760658,0.552266667
2009,2009-04-28,118,80200,0.870955896,0.846960168,69851,10349,0,0,12.5,0,3470,4.21,6.5,-2.57115043874616,15.3333333333333,-22.7870469824087,0.531645833
2009,2009-04-29,119,116500,0.885908689,0.938381589,103208,13292,1,0,11.60833333,0,3350,4.14,-1.91012995433623,-5.71162210594715,8.75,-132.703617218214,0.417741667
2009,2009-04-30,120,82000,0.895870359,0.851916376,73461,8539,0,1,12.21666667,0,3280,3.9,-2.95201902033782,2.05212085995401,9.20833333333333,179.109225449106,0.522845833
2009,2009-05-01,121,69500,0.901771955,0.892703863,62673,6827,1,0,12.76666667,0,3190,3.42,6.15636257986203,-11.571696717444,11.6666666666667,-46.0523909815736,0.51674375
2009,2009-05-02,122,106000,0.904161832,0.933228594,95841,10159,2,0,12.9125,5.8,3180,3.14,-9.95857776054671,11,16.9583333333333,124.419862608235,0.152741667
2009,2009-05-03,123,40200,0.90326069,NA,36311,3889,0,0,11.44583333,0,3230,2.84,-4.49951326780578,4.49951326780578,12.2083333333333,152.763436178864,0.445341667
2009,2009-05-04,124,23000,0.898985422,NA,20677,2323,1,0,11.7875,8.2,3290,2.34,-4.13326088595308,20.2846017549846,22.375,103.252012951704,0.2109375
2009,2009-05-05,125,7000,0.890940028,NA,6237,763,1,0,10.85833333,2.4,3680,2.8,-15.64783170787,6.15717121826819,18.6666666666667,154.823109850341,0.219166667
2009,2009-05-06,126,770,0.878374134,NA,676,94,1,0,9.695833333,8.6,4030,3.06,-2.60472266500395,13.5590724224056,15.375,102.390080569339,0.211914583
2009,2009-05-07,127,800,0.860113544,NA,688,112,2,0,10.83333333,0.4,4200,3.33,-9.95857776054671,-4.44626186323369,12.6666666666667,-157.505566898315,0.312304167
2009,2009-05-08,128,157,0.83447911,NA,131,26,0,0,10.20833333,0,4350,3.69,-2.15477358481205,0.347296355333861,9.20833333333333,-177.546922541232,0.3717375
2010,2010-04-16,106,53700,0.107715909,0.070837167,5784,47916,0,0,10.48333333,0.2,1180,3.52,8.20848343981604,-10.9273893646712,14.2916666666667,-38.9916071117612,0.393045833
2010,2010-04-17,107,61800,0.17164634,0.200457317,10608,51192,0,0,11.9625,4.2,1230,3.63,-3.29931537567168,12.2160040702168,14.0416666666667,100.862247851274,0.141322917
2010,2010-04-18,108,82900,0.255948572,0.436213992,21218,61682,0,0,13.17083333,0,1320,3.67,6.73533494602307e-16,6.89365427108546,11.7083333333333,59.6979278947815,0.327504167
2010,2010-04-19,109,93550,0.355791814,0.48409894,33284,60266,0,0,14.15,0,1470,3.57,5.19615242270663,-5.63815572471545,10.0833333333333,-56.3387089770366,0.33995625
2010,2010-04-20,110,91950,0.461667452,0.45398773,42450,49500,0,0,10.79166667,7.8,1710,3.41,8.20848343981604,-20.7289236740583,22.375,-69.9362020721748,0.08691875
2010,2010-04-21,111,82500,0.562914751,NA,46440,36060,0,0,9.3,0,1990,3.37,0.520944533000788,-28.7873085421709,24.7083333333333,-95.427050684517,0.333095833
2010,2010-04-22,112,116850,0.651631551,0.627819549,76143,40707,1,0,9.925,0,2330,3.03,-6.42918335756748e-15,-22.5526228988618,20.125,-89.5634298992514,0.53426875
2010,2010-04-23,113,127900,0.724326361,NA,92641,35259,1,0,8.283333333,5,2570,2.74,6.73533494602307e-16,14.7224318643355,15.0416666666667,107.698984096027,0.155902083
2010,2010-04-24,114,209500,0.781156251,0.842105263,163652,45848,1,0,8.5875,2,2800,2.64,-14.6634803572219,3.18397651993818e-15,15.5416666666667,167.329703491578,0.23319375
2010,2010-04-25,115,207000,0.824247936,NA,170619,36381,1,0,8.941666667,3.6,2860,2.76,2.08377813200316,10.5847520558896,12.375,55.656600013666,0.294972917
2010,2010-04-27,117,141000,0.879861381,0.963282937,124060,16940,0,0,11.10833333,8.2,2800,3.6,-9.98921648697154,2.82466586433859,17.125,167.160617481688,0.142920833
2010,2010-04-28,118,120000,0.89695679,NA,107635,12365,2,0,10.1,1.4,2770,3.87,-2.32578365647489,-9.93144913513691,11.4583333333333,-134.815634113181,0.525847917
2010,2010-04-29,119,105000,0.909140681,0.8933039,95460,9540,1,0,11.05416667,0,2670,4.06,-6.42918335756748e-15,-28.8675056069717,28.625,-91.9288007497399,0.474070833
2010,2010-04-30,120,87700,0.917518807,0.866513234,80466,7234,1,0,10.84166667,2.2,2590,4.08,-4.98629063900091,-17.0311199384482,19.9166666666667,-112.28196365925,0.355735417
2010,2010-05-01,121,76600,0.922842168,0.899590164,70690,5910,0,0,10.5,0.6,2670,4,-3.07818128993102,-22.5526228988618,20.9166666666667,-117.769266029369,0.4419875
2010,2010-05-02,122,60900,0.925579912,0.904645477,56368,4532,2,0,9.1125,11,2770,3.85,-2.39414100327968,3.82025990867247,17.7916666666667,179.928044982545,0.176975
2010,2010-05-03,123,76700,0.925969977,0.935309973,71022,5678,0,0,9.008333333,0.8,2800,3.27,-6.42918335756748e-15,-36.253520777581,40.125,-92.4529848611124,0.16970625
2010,2010-05-04,124,74000,0.924046051,0.942465753,68379,5621,0,0,8.0625,0,2750,3.04,1.56283359900237,-14.7721162951831,15.7916666666667,-77.4751479144947,0.584704167
2010,2010-05-05,125,82500,0.919641449,0.945348837,75870,6630,0,0,7.825,0,2720,2.7,-1.80747722947819,3.53557521937308,7.83333333333333,151.336829705996,0.24030625
2010,2010-05-06,126,42400,0.912370072,NA,38684,3716,1,0,9.841666667,0,2680,2.46,-2.02060048380692e-15,6.57784834550136,12.7083333333333,134.193825516094,0.484129167
2010,2010-05-08,128,18350,0.886306825,NA,16264,2086,0,0,11.57916667,0,2500,1.87,-2.08377813200316,-8.44186123069097,7.875,-119.759258307844,0.2104625
2010,2010-05-09,129,7500,0.86515221,NA,6489,1011,0,0,12.45416667,0,2390,2.15,-4.19274643764126,8.18163488855494,11.5,122.279189832564,0.542329167
2010,2010-05-10,130,4150,0.836244264,NA,3470,680,0,0,12.34583333,0,2310,2.51,-1.36808057330267,4.49951326780578,14.4583333333333,124.507179382259,0.509364583
2010,2010-05-13,133,40,0.678181115,NA,27,13,0,0,12.69166667,0,2330,3.6,-2.660802041073,-4.4132063584853,7.875,-154.944760349344,0.606272917
2011,2011-04-16,106,90500,0.016422348,0.074175824,1486,89014,0,1,6.945833333,0.2,1370,3.08,-5.69441954527405e-15,-16.0463121854359,19.6666666666667,-94.0806397142248,0.357
2011,2011-04-17,107,51000,0.033754654,NA,1721,49279,1,0,6.720833333,0,1400,3.69,5.72624908062591,-16.413876150989,17.25,-64.3042126129264,0.499291667
2011,2011-04-18,108,64363,0.065277889,NA,4201,60162,0,0,7.004166667,0,1450,3.97,5.5107285922007e-16,-11.5229249335893,11.0833333333333,-91.0695072984607,0.52851875
2011,2011-04-19,109,91000,0.117694849,0.052264808,10710,80290,1,0,7.466666667,0,1380,4.18,-2.53909064496551,-0.955064977168119,12.2083333333333,-156.444175466492,0.489310417
2011,2011-04-20,110,92400,0.195786508,0.136216216,18091,74309,0,0,5.9625,1.6,1360,4.22,-3.12274620224706e-15,-11.6080020351084,13.8333333333333,-98.9755156753078,0.353466667
2011,2011-04-21,111,49250,0.298010949,0.257575758,14677,34573,0,0,7.254166667,0.4,1350,4.07,1.53909064496551,-9.51313972081442,15.5416666666667,-84.9620862644545,0.501345833
2011,2011-04-22,112,62800,0.41428344,0.686046512,26017,36783,0,0,7.666666667,0,1320,3.86,2.77837084267088,-1.8048391234741,12.25,-0.0892542950637335,0.494879167
2011,2011-04-23,113,55150,0.529631725,0.655312247,29209,25941,1,0,9.058333333,0,1330,3.53,2.22313093161685,-3.32419375933394,8.16666666666667,-34.2043971575756,0.547002083
2011,2011-04-24,114,99200,0.631362665,0.60842627,62631,36569,0,0,8.741666667,4.4,1320,3.05,-3.47296355333861,12.2129645840443,12.3333333333333,108.017936593465,0.14843125
2011,2011-04-25,115,96725,0.713392459,0.820018365,69003,27722,0,0,7.591666667,7.6,1320,2.71,-2.05212085995401,4.17811946296251,11.2083333333333,121.590646390151,0.1602875
2011,2011-04-26,116,96650,0.775601998,NA,74962,21688,0,0,9.8875,3.8,1380,2.38,-8.66025168209152,1.59198825996909e-15,12.125,-173.924598149765,0.44310625
2011,2011-04-27,117,92300,0.820975144,0.742063492,75776,16524,0,0,7.558333333,4.2,1490,1.88,-11.2583302491977,9.95120922253408,18.2083333333333,139.764865565581,0.148729167
2011,2011-04-28,118,96750,0.853230666,NA,82550,14200,1,0,7.641666667,4.8,1640,2.09,-15,2.93905524917371e-15,17.0833333333333,167.095226956871,0.300585417
2011,2011-04-29,119,87000,0.875644618,NA,76181,10819,2,0,8.620833333,0,1820,2.3,-1.36808057330267,-5.81434243653637,12.75,-144.082118462214,0.509341667
2011,2011-04-30,120,102000,0.890700422,NA,90851,11149,1,0,9.5375,0,1980,2.56,0.781416799501187,0.244643630475819,10.7083333333333,-93.6993662622358,0.494775
2011,2011-05-01,121,57850,0.900111488,NA,52071,5779,0,0,10.17083333,0,2130,2.76,-6.12303176911189e-16,4.31498460272769,9.375,120.75704058504,0.541527083
2011,2011-05-02,122,80750,0.904948732,NA,73075,7675,0,0,9.270833333,17,2310,3.06,-2.39414100327968,-9.79685083057902e-16,9.875,177.755748653713,0.135695833
2011,2011-05-03,123,60850,0.905758273,0.870212766,55115,5735,0,1,10.53333333,0,2330,3.3,-3.91012995433623,-17.4270798974661,17.7916666666667,-102.57325425368,0.583597917
2011,2011-05-04,124,61200,0.902631053,0.90408805,55241,5959,1,0,10.78333333,0,2400,3.64,-2.25742630967009,4.21324443715438,9.33333333333333,129.672954348534,0.466277083
2011,2011-05-05,125,17800,0.895214999,0.871641791,15935,1865,0,0,10.72083333,4.8,2680,3.64,-5.90884651807325,2.60472266500395,10.75,153.8690338769,0.190302083
2011,2011-05-06,126,20590,0.882668826,0.790654206,18174,2416,0,0,9.641666667,6,2920,3.73,-8.99902653561155,6.75,12.4166666666667,138.796097007387,0.144097917
2011,2011-05-07,127,20750,0.863562013,0.822274882,17919,2831,0,0,8.8875,13.4,3100,3.56,7.95994129984545e-16,13,14.5833333333333,88.7156579051668,0.229489583
2011,2011-05-08,128,6100,0.835743295,NA,5098,1002,1,0,10.00833333,0,3290,3.41,-2.20429143688028e-15,0.505115896976215,8.08333333333333,178.165717477582,0.301835417
2011,2011-05-09,129,20200,0.796252706,0.921538462,16084,4116,0,1,11.61666667,0,3500,3.25,-3.76222157658236,4.15149376067647,10.4166666666667,149.862636470131,0.317095833
2011,2011-05-10,130,7125,0.741471511,NA,5283,1842,1,0,11.61666667,0.4,3690,2.96,-8.42648887430876,13.0065682948946,15.8333333333333,127.027794793796,0.233233333
2011,2011-05-11,131,7450,0.667893969,NA,4976,2474,0,1,9.3375,22.6,3930,2.66,-4.10424171990802,14.7721162951831,15.75,114.463363510627,0.0796
2011,2011-05-12,132,207,0.573994864,NA,119,88,0,0,9.304166667,0.2,4210,2.37,-5.50000000000001,12,15.625,128.483564014819,0.377335417
2012,2012-04-16,107,49900,0.607764397,NA,30327,19573,1,0,9.808333333,7.2,2160,2.35,-9.91858415644441,5.44618541741124,20.6666666666667,159.364347619937,0.277397917
2012,2012-04-17,108,88500,0.624775409,NA,55293,33207,2,0,6.945833333,1,2340,2.25,7.34763812293426e-16,13.8612159321677,14.0416666666667,93.9273639718087,0.137302083
2012,2012-04-18,109,68100,0.643166856,0.576271186,43800,24300,1,0,8.4875,3.4,2420,2.45,6.12303176911189e-16,12.6031925634917,14.2083333333333,101.068463476638,0.33193125
2012,2012-04-19,110,96600,0.66278498,0.620408163,64025,32575,0,0,8.658333333,13.6,2530,2.66,6.73533494602307e-16,14.4337528034859,16,94.1913557462066,0.12721875
2012,2012-04-20,111,87800,0.683445037,NA,60006,27794,1,0,10.5,0.8,2660,2.91,-4.25,-8.12573111056656,12.5833333333333,-128.591058150784,0.494070833
2012,2012-04-21,112,101250,0.704931769,0.882051282,71374,29876,0,0,9.333333333,0,2790,3.15,6.49838272318769,-12.2160040702168,12.2916666666667,-53.2143883028817,0.365772917
2012,2012-04-22,113,122050,0.727002045,0.808457711,88731,33319,0,1,12.50416667,0,2980,3.33,7.5244431531647,-11,12.5833333333333,-61.650406466702,0.369725
2012,2012-04-23,114,100350,0.74938991,0.775051125,75201,25149,0,0,12.20833333,0,3270,3.4,13,-16.8529777486175,16.875,-58.4340094554745,0.280816667
2012,2012-04-24,115,126500,0.77181405,0.778714436,97634,28866,1,0,10.99583333,2,3660,3.41,9.18454765366783e-16,13.0227555330226,16.0833333333333,94.0706039513764,0.177658333
2012,2012-04-25,116,117050,0.793987359,0.723507917,92936,24114,0,0,11.8125,15.2,4010,3.33,-3.29931537567168,16.8708659006038,17.2916666666667,103.617702925213,0.064139583
2012,2012-04-26,117,113200,0.815627978,0.793103448,92329,20871,0,0,10.79166667,4,4220,3.05,-1.56283359900237,-4.59626665871387,9.54166666666667,-127.526852165309,0.310041667
2012,2012-04-27,118,109000,0.836470941,0.801217039,91175,17825,1,0,10.10833333,0,4550,2.95,-8.35623892592501,8.42648887430876,13.875,141.282142519794,0.363883333
2012,2012-04-28,119,117800,0.856279318,0.806624888,100870,16930,1,0,10.98333333,0.4,4980,2.76,1.91012995433623,8.45723358707317,9.625,87.6281598433335,0.14655
2012,2012-04-29,120,86600,0.87485382,0.893617021,75762,10838,1,0,11.47083333,1.8,5760,2.59,-2.57167334302699e-15,-5.49062045494274,7.45833333333333,-110.340583312541,0.298708333
2012,2012-04-30,121,55650,0.89203991,0.972318339,49642,6008,1,0,10.2375,18.4,6140,2.37,-12.9126281610907,-0.781416799501186,16.5416666666667,173.404662771998,0.223858333
2012,2012-05-01,122,62150,0.907731827,0.983233533,56416,5734,1,0,9.9875,0.2,6140,2.31,-15.0465025787813,-1.30236133250198,15.4583333333333,-179.80073220873,0.4239875
2012,2012-05-02,123,57750,0.921873287,NA,53238,4512,2,0,9.279166667,0,5970,2.45,2.69707050163984,6.98253184731137,10,78.8681559956711,0.338189583
2012,2012-05-03,124,69500,0.934455047,0.875706215,64945,4555,2,0,8.5375,5.4,5900,2.91,3.50170439226237,0.347296355333861,10.2083333333333,10.5234345271917,0.217360417
2012,2012-05-04,125,56500,0.945509854,NA,53421,3079,1,1,10.00833333,3.4,5830,3.53,-3.76222157658236,-8.42648887430876,10.9166666666667,-121.922650691249,0.39190625
2012,2012-05-05,126,18200,0.955105524,NA,17383,817,0,0,10.06666667,0,5630,3.93,-5.50000000000001,-3.5,10.9583333333333,-174.329299445329,0.492597917
2012,2012-05-06,127,7750,0.963337002,NA,7466,284,0,0,10.9875,0,5400,4.25,-1.98112540714512,2.05212085995401,9.58333333333333,136.737707337242,0.535179167
2012,2012-05-07,128,9600,0.970318172,0.961538462,9315,285,1,0,13.02083333,0,5270,4.52,-3.67381906146713e-16,-3.58370854873001,6.45833333333333,-96.1389259813908,0.45715
2012,2012-05-08,129,12000,0.976174113,0.96474359,11714,286,1,0,13.80833333,0,5200,4.51,-5.5,-4.47288756551973,15.3333333333333,-167.263939734777,0.381964583
2012,2012-05-09,130,2900,0.981034259,NA,2845,55,1,0,10.22916667,0,5210,4.28,2.77837084267088,-33.4834636024151,33.7916666666667,-85.8172820006776,0.57021875
2012,2012-05-10,131,1480,0.98502675,NA,1458,22,0,0,9.983333333,0,5150,3.94,-3.12274620224706e-15,-24,21.1666666666667,-93.1155053208799,0.580141667
2013,2013-04-15,105,69533,4.64e-05,NA,3,69530,0,0,8.645833333,0.4,2520,2.99,6.73533494602307e-16,2.29813332935693,9.625,125.577154954112,0.387935417
2013,2013-04-16,106,50167,0.000169559,NA,9,50158,0,0,9.0125,0,2500,2.8,1.04188906600158,-6.57784834550136,8.75,-94.378872070136,0.44486875
2013,2013-04-17,107,65500,0.000581658,NA,38,65462,0,0,9.766666667,0,2400,2.52,-3.76222157658236,7.5,14.75,138.610123161183,0.2583
2013,2013-04-18,108,67150,0.001873762,0.02300885,126,67024,0,0,8.154166667,18.8,2370,2.38,-4.59626665871387,9.95857776054671,12.625,137.250536249694,0.086266667
2013,2013-04-19,109,66000,0.005659208,NA,374,65626,0,0,9.8125,23.2,2350,2.25,-2.75536429610035e-15,8.35623892592501,12.25,109.913207183027,0.234914583
2013,2013-04-20,110,69000,0.015959085,NA,1101,67899,0,0,10.42083333,1.2,2480,2.16,2.95201902033781,-20.67323765729,20.6666666666667,-85.4982363939093,0.318129167
2013,2013-04-21,111,79333,0.04162808,NA,3302,76031,0,0,8.425,3.2,2910,2.13,5.77837084267088,-12.0304155191782,16.7083333333333,-63.7642284709094,0.327602083
2013,2013-04-22,112,84000,0.098565912,NA,8280,75720,1,0,8.416666667,0,3130,2.22,-1.04188906600158,-6.73612416678608,8.75,-119.204124270506,0.49503125
2013,2013-04-23,113,90000,0.205536962,NA,18498,71502,0,0,10,0,3190,2.62,6.73533494602307e-16,5.19615242270663,11.7083333333333,37.9975117641713,0.454577083
2013,2013-04-24,114,87750,0.365215404,0.210526316,32048,55702,2,0,11.27916667,0,3160,3.04,-1.7364817766693,-1.63382905181127,6.5,-99.797534022217,0.464922917
2013,2013-04-25,115,79025,0.545985954,NA,43147,35878,1,0,12.375,0,3130,3.53,-1.83690953073357e-15,0.0762716648170783,7.875,-160.580471239708,0.46621875
2013,2013-04-26,116,124250,0.702608408,0.774580336,87299,36951,1,0,11.84583333,0,3130,3.83,-6.84040286651337,12.2144843271305,15.4166666666667,114.475067625832,0.217014583
2013,2013-04-27,117,87000,0.813521452,0.837037037,70776,16224,0,0,11.37916667,2.8,3290,4,-5.81434243653637,6,15.5416666666667,132.804476189938,0.115447917
2013,2013-04-28,118,108667,0.883333518,NA,95989,12678,0,0,10.29166667,0,3600,4.21,-10.336618828645,-6.73575130829341,14.9583333333333,-137.698846679055,0.323864583
2013,2013-04-29,119,84242,0.925098919,0.92139738,77932,6310,1,0,9.216666667,0,3920,4.08,14.7068661630037,-40.4067826937941,43.75,-78.3168460221247,0.5200875
2013,2013-04-30,120,105775,0.949841277,0.961337513,100469,5306,0,0,8.191666667,0,4240,3.83,7.44073522188212,-14.7224318643355,20.3333333333333,-65.8043060316151,0.5111
2013,2013-05-01,121,110934,0.964650919,0.960455764,107013,3921,1,0,9.195833333,0,4290,3.55,4.89842541528951e-16,0.0868240888334622,9.66666666666667,136.268811042798,0.471316667
2013,2013-05-02,122,90000,0.973658286,NA,87629,2371,0,0,10.9375,0,4010,3.07,8.20848343981604,-14.0953893117886,14.9583333333333,-48.7243674194802,0.31260625
2013,2013-05-03,123,82610,0.979190991,NA,80891,1719,1,0,11.83333333,0,3760,2.7,9.5,-12.9903810567666,16.2083333333333,-48.5704703811608,0.507247917
2013,2013-05-04,124,79750,0.982549734,0.997001499,78358,1392,0,0,13.57083333,0,3690,2.28,12.5343583888875,-17.3205080756888,21.8333333333333,-49.5830775837604,0.51663125
2013,2013-05-06,126,84980,0.985280755,0.977876106,83729,1251,0,0,17.5625,0,4520,2.77,2.05212085995401,-6,5.70833333333333,-78.0621813076238,0.526933333
2013,2013-05-07,127,22700,0.985186473,NA,22364,336,0,0,15.69583333,0,5070,3.02,-5.65717121826818,6.89365427108546,12.9583333333333,135.517933307254,0.513679167
2013,2013-05-08,128,78,0.984153463,NA,77,1,1,0,13.98333333,0,5650,3.14,-8.42648887430876,11.2090280057279,14.3333333333333,129.6586178454,0.4777125
2013,2013-05-09,129,263,0.981985381,NA,258,5,0,0,14.34583333,0,6420,3.4,-3.76222157658236,1.71010071662834,10.7083333333333,169.747077849627,0.518302083
2014,2014-04-15,105,51000,0.014381216,0,733,50267,0,0,10.9125,1.4,1730,3.04,-7.42143372051442,4.28612223837832e-16,18.5833333333333,-161.814786922136,0.204010417
2014,2014-04-16,106,42700,0.032674018,0.023041475,1395,41305,1,0,9.395833333,14.8,1870,3.34,-7.5,14.2774222096303,16.5833333333333,110.079109185998,0.08011875
2014,2014-04-17,107,30300,0.068524482,0.013157895,2076,28224,1,0,9.608333333,19.6,2010,3.62,-8.72861679353658,13.0220098160373,23,135.614931425505,0.094604167
2014,2014-04-18,108,53200,0.130991867,NA,6969,46231,1,0,9.870833333,0,2160,3.59,-3.82025990867247,-10.6084540048722,16.3333333333333,-133.004306269326,0.4223
2014,2014-04-19,109,35200,0.225155588,0.476923077,7925,27275,1,0,9.339130435,3,2370,3.53,-8.66025403784439,13.7873085421709,18.1739130434783,127.683686420941,0.100258333
2014,2014-04-20,110,59800,0.34512474,0.640151515,20638,39162,0,0,9.9125,0,2610,3.54,-4.49351390400213,11.5258725088267,15.7916666666667,114.080797581801,0.19665
2014,2014-04-21,111,78650,0.473469427,NA,37238,41412,0,0,9.725,1,2740,3.33,3.84900074759623,-10.0754603423145,14.9166666666667,-58.754919244182,0.23025
2014,2014-04-22,112,90000,0.590753171,NA,53168,36832,1,0,9.720833333,1.6,2800,3.13,-7.639573573184,-8.46324443715438,19.8333333333333,-131.574737409465,0.43935
2014,2014-04-23,113,66250,0.685543621,NA,45417,20833,0,0,9.679166667,1.8,2900,2.9,-8.75,14.638638141798,17.75,116.647387256996,0.27135625
2014,2014-04-24,114,58200,0.755956766,NA,43997,14203,0,0,9.554166667,9.2,3100,2.7,-4.75742630967009,13.856238925925,21.5,124.756781585249,0.214516667
2014,2014-04-25,115,61500,0.805478824,NA,49537,11963,2,0,8.608333333,0,3290,2.56,-1.7364817766693,-0.434120444167328,9.58333333333333,-151.967437340742,0.470979167
2014,2014-04-26,116,90000,0.838909707,0.995670996,75502,14498,3,0,9.358333333,1.2,3400,2.87,-7.86301220305166,16.7973547749125,19.8333333333333,110.179979761091,0.358954167
2014,2014-04-27,117,57500,0.860369859,NA,49471,8029,1,0,9.058333333,3,3480,3.25,-16.414332553353,-2.08377813200317,17.6666666666667,-175.456582658425,0.3667125
2014,2014-04-28,118,64600,0.872759119,0.882882883,56380,8220,0,0,9.504166667,2,3520,3.49,-1.7364817766693,10.8328852831343,14.0416666666667,101.719094643636,0.40656875
2014,2014-04-29,119,50950,0.877801637,0.771341463,44724,6226,0,0,12.43333333,0,3550,3.55,0.347296355333861,-4.59589380022119,12.3333333333333,-41.4614199759171,0.351220833
2014,2014-04-30,120,42100,0.876203302,0.763593381,36888,5212,1,0,13.4875,0,3610,3.83,4.89414100327968,-12.6031925634917,12.2916666666667,-66.8633167392344,0.456860417
2014,2014-05-01,121,29600,0.867740291,0.914285714,25685,3915,0,0,15.89166667,0,3710,3.82,1.02094453300079,-4.59807621135332,8.20833333333333,-51.9478548775248,0.481714583
2014,2014-05-02,122,32900,0.851229585,0.906132666,28005,4895,0,0,15.74583333,2,4080,3.7,-6.8943999880708,9.13728320221542,14.1666666666667,126.767166387448,0.355625
2014,2014-05-03,123,18850,0.824395383,0.704834606,15540,3310,0,0,11.42083333,1.6,4530,3.52,-2.99567593600142,10.0607742057624,13.6666666666667,121.564166502135,0.180920833
2014,2014-05-05,125,9700,0.724650018,0.806896552,7029,2671,1,0,10.98333333,6.2,5300,2.85,-3.55236133250198,7.75383997514921,11.9166666666667,124.42107477373,0.380770833
2014,2014-05-06,126,600,0.642616515,NA,386,214,0,0,11.83333333,0,5250,2.55,-0.607768621834258,6.4278760968654,11.0416666666667,133.673661590587,0.441908333
2015,2015-04-15,105,46700,0.004265799,0.053731343,199,46501,0,0,8.25,0,3150,2.72,-3.75,3.54630205360461,10.125,133.981137606202,0.389339583
2015,2015-04-16,106,40350,0.012714815,0.032786885,513,39837,1,0,9.716666667,0,3040,2.61,-2.53557521937308,-1,8.41666666666667,-147.58602267575,0.442110417
2015,2015-04-17,107,48000,0.034461061,0.093797277,1654,46346,0,0,11.25833333,0,3000,3.12,2,-14.4337528034859,19.4166666666667,-69.4165805735565,0.420935417
2015,2015-04-18,108,30600,0.083566499,0.12295082,2557,28043,0,0,10.79166667,0,2940,3.47,10.2846017549846,-16.8874953737966,18.1666666666667,-56.4088470056949,0.413729167
2015,2015-04-19,109,39875,0.176802595,0.202380952,7050,32825,0,0,11.1125,0,2930,3.78,7.58022221559489,-15.1802867816515,14.7916666666667,-48.711877411342,0.433722917
2015,2015-04-20,110,58250,0.31803809,0.341736695,18526,39724,0,0,12.3125,0,3040,3.74,2.54188906600158,-1.96961550602442,7.75,-35.6178241654664,0.454910417
2015,2015-04-21,111,59200,0.482814741,0.56937799,28583,30617,0,0,10.79166667,4.2,3150,3.66,-1.04188906600158,-5.36231110183285,18.1666666666667,-119.274830132323,0.27165625
2015,2015-04-23,113,99850,0.745608421,0.660839161,74449,25401,0,1,7.883333333,8.8,3200,3.32,8.26609288830105e-16,16.8632697771099,19.125,100.782183682288,0.124641667
2015,2015-04-24,114,85000,0.821330119,0.727619048,69813,15187,3,0,7.558333333,16.4,3420,2.96,2.51789857617049,8.83012701892219,13.25,84.6670688624824,0.18915625
2015,2015-04-25,115,109200,0.869224538,0.961538462,94919,14281,2,1,8.316666667,5.8,3840,2.71,0.955064977168117,3.16637421769159,11.0833333333333,59.7957722389213,0.42384375
2015,2015-04-26,116,116000,0.898578505,0.994614004,104235,11765,2,1,10.28333333,0.6,3960,2.44,-1.30236133250198,13.0113777665113,15.0833333333333,92.9502095573481,0.257058333
2015,2015-04-27,117,156500,0.91587787,0.997340426,143335,13165,1,0,12.56666667,4,3880,2.08,3.83022221559489,10.3923048454133,12.2083333333333,56.475921823488,0.22820625
2015,2015-04-28,118,125000,0.925004651,NA,115626,9374,0,0,11.99583333,1.2,3860,2.08,-4.6473648813217,4.49951326780578,13.4166666666667,135.162615623949,0.261304167
2015,2015-04-29,119,119005,0.927962663,0.996409336,110432,8573,0,0,11.16666667,0,3850,2.03,-12.8025007891587,3.12566719800475,13.9583333333333,157.284756584112,0.374879167
2015,2015-04-30,120,71200,0.925388305,0.954367666,65888,5312,0,0,11.3,0,3820,2.22,-7.72733653262486,6.67020143325669,12.6666666666667,138.948336492602,0.203529167
2015,2015-05-01,121,45500,0.916728148,NA,41711,3789,1,0,12.25,0,3900,2.38,-1.04188906600158,-11.8472663136699,19.125,-142.79079899257,0.457922917
2015,2015-05-02,122,74000,0.900084117,NA,66606,7394,1,0,10.8875,0,4040,2.71,8.59626665871387,-18.0262794416288,22.9166666666667,-62.5873352789062,0.490641667
2015,2015-05-03,123,66500,0.871724564,NA,57970,8530,1,0,11.23333333,0,4110,2.93,-0.955064977168117,-3.75,7.41666666666667,-107.029557574027,0.493891667
2015,2015-05-04,124,33000,0.825361424,0.855538922,27237,5763,0,0,11.79166667,1.8,4160,3.14,-8.63169475217473,7.47608260841108,17.5,148.799003842959,0.376825
2015,2015-05-05,125,12900,0.751865574,0.694444444,9699,3201,0,0,10.54583333,0,4120,3.29,-3.18347212079316,4.2812511553745,10.5416666666667,136.97900050505,0.4545375
2015,2015-05-06,126,11800,0.641699007,0.530120482,7572,4228,1,0,10.9,0,3970,3.56,-0.694592710667721,-5.89711431702997,11.4166666666667,-133.610867102083,0.469252083
2015,2015-05-07,127,7900,0.493895298,NA,3902,3998,0,1,12.5875,0,3820,3.57,3.96225081429024,-10.4590627973645,12.375,-59.6761442333273,0.512745833
2015,2015-05-08,128,4175,0.328955928,NA,1373,2802,0,0,14.06666667,0,3770,3.47,5.78108891324554,-10.7974745389213,12.0833333333333,-59.5675388150186,0.516358333
2015,2015-05-11,131,3555,0.036744354,NA,131,3424,0,0,13.625,0.8,3740,2.84,-5.06515107494252,9.52030542377491,12.5833333333333,128.358800355577,0.371945833
2015,2015-05-12,132,1015,0.01365197,0.369565217,14,1001,0,0,14.82083333,0,3840,2.61,-6.8943999880708,-0.855050358314171,11.0833333333333,-177.347588751419,0.482983333
2016,2016-04-14,105,40000,0.18881791,NA,7553,32447,0,0,9.5125,0.6,3530,3.36,-2.86187170467903,4.09069448209529,13.2916666666667,141.339545795968,0.325447917
2016,2016-04-15,106,38850,0.215477091,0.075862069,8371,30479,3,0,10.575,0,3450,2.78,-3.38613946450514,13.8936542710855,16.2083333333333,108.320019934066,0.280845833
2016,2016-04-16,107,47950,0.24564447,NA,11779,36171,2,0,10.8,0,3380,2.46,9.49069924212342e-16,4.39038221159014,11.5,79.0081812379417,0.225845833
2016,2016-04-18,109,47950,0.317078587,NA,15204,32746,0,0,15.05416667,0,3280,2.14,0.5,-2.75603568889482,6.83333333333333,-77.2682569529147,0.457689583
2016,2016-04-19,110,62250,0.358305954,0.338422392,22305,39945,0,0,14.4,0,3430,2.29,7.09121150491952,-13.856406460551,14.6666666666667,-64.2111768365527,0.458297917
2016,2016-04-20,111,41200,0.402883629,NA,16599,24601,2,0,15.76666667,0,3680,2.42,2.77837084267088,-8.83012701892219,12.0833333333333,-54.3927390799773,0.490035417
2016,2016-04-21,112,60750,0.450302199,0.723785166,27356,33394,0,0,15.20833333,0.2,4030,2.63,-5.90717121826819,10.1291651245989,14.8333333333333,138.418782822277,0.433258333
2016,2016-04-22,113,42050,0.499829776,NA,21018,21032,0,0,13.09166667,6.4,4560,2.75,-2.77761950448154,-1.12871315483505,8.08333333333333,-158.275186297053,0.105291667
2016,2016-04-24,115,47700,0.601356393,0.616666667,28685,19015,0,0,10.89166667,1.2,5170,3.01,-2.77837084267089,-16.8280994876769,17.5833333333333,-99.5460007530834,0.370260417
2016,2016-04-25,116,25500,0.651162252,0.737288136,16605,8895,0,0,10.61666667,0,5370,3.06,3.96752702629843,-17.1602540378444,17.3333333333333,-85.3018849930719,0.50864375
2016,2016-04-27,118,57100,0.743545561,0.853080569,42456,14644,0,1,12.02083333,0,5910,2.95,3.61586701824112,-10.7297535907223,16.0416666666667,-80.9322759351674,0.446139583
2016,2016-04-28,119,47200,0.784447325,0.629987908,37026,10174,0,0,13.43333333,0,5830,2.89,-3.733435819839,11.1617759649595,13.625,115.646453461498,0.360897917
2016,2016-05-02,123,46500,0.904520915,NA,42060,4440,0,0,17.3125,0,5130,2.3,3.10696902421635,-6.06217782649107,9.125,-49.3475562811671,0.4818375
2016,2016-05-03,124,18900,0.924111331,0.993377483,17466,1434,0,0,16.29583333,0,5130,2.46,4.08073217517285,-11.0997134985089,16.5416666666667,-80.4447770278892,0.377560417
2016,2016-05-04,125,29500,0.940216839,0.990990991,27736,1764,3,0,11.8125,1.4,5170,2.93,7.94034103954485,-28.1907786235773,27.5416666666667,-70.6272746477423,0.364741667
2016,2016-05-05,126,38200,0.953290058,0.963081862,36416,1784,0,1,13.14583333,0,5180,3.38,11.1433323648735,-22.5166604983954,24.4166666666667,-59.3042277411372,0.5032375
2016,2016-05-10,131,400,0.987753055,NA,395,5,0,0,14.32916667,0,5610,4.01,-3.14605966918186,-1.60776862183426,9.125,-159.474615650998,0.539127083
2017,2017-04-15,105,23735,0.024620697,NA,584,23151,0,0,8.8375,2,2420,2.98,-4.89414100327969,1.12871315483505,12.2083333333333,-174.703083296858,0.387447917
2017,2017-04-17,107,35700,0.070535109,0.093406593,2518,33182,1,0,10.87083333,5.4,2350,2.72,-2.86519493150435,13.4715026165868,14.7916666666667,105.038305719165,0.125016667
2017,2017-04-18,108,42000,0.111227028,NA,4672,37328,2,0,10.79583333,5.2,2340,2.55,7.95994129984545e-16,8.08889750206583,11.3333333333333,107.491818844217,0.215472917
2017,2017-04-20,110,37500,0.235395996,NA,8827,28673,0,0,10.20833333,3.6,2440,2.52,-2.06794949597859,1.75,10.5833333333333,85.6001837127484,0.312033333
2017,2017-04-22,112,70000,0.398524541,NA,27897,42103,2,0,11.08333333,5.8,2480,2.34,1.37335678531087,5.06907786235772,13.1666666666667,87.7644911147034,0.101616667
2017,2017-04-25,115,62333,0.619491488,NA,38615,23718,2,0,11.0125,1.4,2830,3.08,-10.9636946823356,15.1055088276337,19.2083333333333,115.600362631057,0.22213125
2017,2017-04-26,116,29450,0.672652327,0.692152918,19810,9640,1,0,10.8875,2.8,2980,3.55,-3.26765810362253,-9.96320795014136,17.25,-140.695145854346,0.333908333
2017,2017-04-27,117,35000,0.714959431,NA,25024,9976,2,0,10.24583333,0,3040,3.87,-6.46312941002656,-20.6820813887344,21.6666666666667,-110.350580586825,0.4063875
2017,2017-04-28,118,30900,0.747543959,0.760638298,23099,7801,0,0,9.983333333,0,3010,4.03,-2.75536429610035e-15,-8.58012701892219,10.75,-81.9542379068713,0.379466667
2017,2017-04-29,119,35750,0.771727395,0.685288641,27589,8161,0,0,8.795833333,6.2,2970,4.12,3.21249128683821,16.6844749230253,17.75,79.5661545627028,0.098977083
2017,2017-05-01,121,39000,0.799453146,0.824192337,31179,7821,1,0,8.983333333,1.4,2930,3.78,-0.694592710667721,5.25640277023296,11.0416666666667,116.672187561938,0.24628125
2017,2017-05-03,123,22050,0.804390085,NA,17737,4313,0,0,12.90833333,28.2,2960,3.14,0.781416799501188,12.0168485531817,12.4583333333333,86.1685677406451,0.100520833
2017,2017-05-04,124,700,0.798888606,NA,559,141,0,0,14.975,0.2,3240,2.66,2.27777981951351,-5.60223935199169,10.3333333333333,-50.8562322997596,0.390083333
2017,2017-05-05,125,10653,0.7877367,0.806451613,8392,2261,0,0,13.26666667,0.8,3890,2.47,-11.4636946823356,9.62250186899058,18.5833333333333,158.213489071979,0.184433333
2017,2017-05-08,128,4305,0.712323781,0.688976378,3067,1238,0,0,11.52916667,0,4610,2.7,2.25742630967009,-9.59994430287743,13.4166666666667,-53.9464145154275,0.324535417
2017,2017-05-09,129,750,0.669287314,NA,502,248,0,0,11.79166667,0,5020,2.83,1.0130302149885,-7,8.33333333333333,-77.9971171066837,0.31288125
2018,2018-04-15,105,46667,0.167546348,0.174273859,7819,38848,2,1,8.166666667,2.6,1500,2.73,8.49951326780578,-15.5884572681199,20.2083333333333,-24.093456271285,0.183547917
2018,2018-04-16,106,19975,0.20883697,0.144736842,4172,15803,0,0,7.604166667,16.4,1580,3.11,2.75726599463812,4.30427095761592,14.5416666666667,80.2999253570509,0.04756875
2018,2018-04-18,108,59500,0.311356549,NA,18526,40974,2,0,8.245833333,0,1620,3.61,3.18611022679725,-7.07066370655193,13.375,-4.79655334712792,0.291183333
2018,2018-04-20,110,50667,0.435073882,0.67539267,22044,28623,0,0,9.958333333,3.8,1750,3.72,3.97997064992273e-16,13.5060515757769,14.9583333333333,96.6449353884273,0.15950625
2018,2018-04-23,113,53300,0.628854516,0.671296296,33518,19782,0,0,10.175,0,2060,3.28,5.14317493344694,-9.29472976264341,11.8333333333333,-46.7084485027213,0.399877083
2018,2018-04-25,115,74267,0.740008587,NA,54958,19309,1,0,12.15416667,0,2570,2.8,8.94626186323369,-15.0716508436902,17.375,-63.7608600678391,0.402108333
2018,2018-04-26,116,84167,0.786386838,NA,66188,17979,0,0,13.59166667,0,2900,2.51,2.71553724366851,-9.07636511863425,9.79166666666667,-63.0405527406113,0.403502083
2018,2018-04-27,117,66300,0.826232955,0.800578035,54779,11521,0,0,13.49166667,0,3290,2.62,-4.30690906362001,11.3623111018328,14.9583333333333,114.465797886531,0.37829375
2018,2018-04-28,118,38700,0.85980248,0.82674772,33274,5426,0,1,10.53333333,6,3770,2.84,-7.10672565811923,8.16784780558542,11.0833333333333,132.667917864612,0.048566667
2018,2018-04-30,120,26733,0.910394337,0.929085303,24338,2395,1,0,11.25833333,0,4780,3.31,1.55228117498599,-4.17811946296251,9.625,-79.3817836321957,0.2728625
2018,2018-05-03,123,11450,0.955436316,0.969855832,10940,510,0,0,14.85833333,0,6120,3.47,-3.42020143325669,8.66025168209152,11.25,113.55867715242,0.34713125
2018,2018-05-08,128,2225,0.986374609,NA,2195,30,0,0,14.88333333,0,7830,2.33,2.4760095101689,-3.10480699221706,10.5,-44.6893374726007,0.288129167
2019,2019-04-15,105,37733,0.128825313,0.133257403,4861,32872,1,1,7.795833333,0,1700,3.15,2.08045490517785,3.09923155196477,14.75,34.9758441025208,0.318974042553192
2019,2019-04-16,106,40500,0.18760595,0.206632653,7598,32902,0,1,8.4625,0.4,1750,3.22,-4.30427095761591,6.73575130829341,10.3333333333333,112.866194790659,0.13593914893617
2019,2019-04-17,107,31925,0.26059265,0.17721519,8319,23606,0,0,11.37083333,1.6,1840,3.01,-2.08377813200316,9.74494583771008,11.7083333333333,101.197295846392,0.152516595744681
2019,2019-04-18,108,37633,0.344538998,0.506234414,12966,24667,0,0,10.67916667,27,1930,3.04,5.48616114660535,13.5060515757769,15.25,69.0256437206529,0.0438425531914894
2019,2019-04-19,109,59150,0.433799765,NA,25659,33491,0,0,11.125,1.6,2000,3.34,4.50742630967009,-18.7300422953619,18.7916666666667,-73.4030998450489,0.283697021276596
2019,2019-04-20,110,58593,0.521838557,0.891304348,30576,28017,0,0,10.25416667,0,2100,3.59,9.40555394145587,-22.5346416986286,21.9583333333333,-70.8859816943259,0.40967829787234
2019,2019-04-21,111,71501,0.603050578,0.713004484,43119,28382,0,2,11.03333333,0,2190,3.69,-4.25438035283979,16.5981072365559,18.5416666666667,107.806412444684,0.309444680851064
2019,2019-04-22,112,74100,0.673923005,0.664714495,49938,24162,1,1,9.829166667,12.8,2280,3.65,2.86519493150435,16.2493279247014,15.6666666666667,82.8960886542314,0.04188
2019,2019-04-23,113,86900,0.733172818,0.915151515,63713,23187,0,0,11.28333333,0,2380,3.6,-1.10214571844014e-15,-8.23248718679841,14.25,-113.326946554706,0.368249361702128
2019,2019-04-24,114,114850,0.781185099,0.65625,89719,25131,2,0,9.666666667,0,2480,3.42,4.86214897467404,-22.6016006090713,20.2916666666667,-68.4405980210241,0.429214893617021
2019,2019-04-25,115,144550,0.819268511,0.773989899,118425,26125,2,2,9.333333333,0,2560,3.14,8.87789675178862,-17.3205080756888,17.5833333333333,-46.330987413054,0.322057021276596
2019,2019-04-26,116,75780,0.849056573,0.913107511,64342,11438,2,0,10.12083333,0,2650,2.89,2.92563796029685,-14.2548702032532,17.9166666666667,-83.4549998097736,0.371344680851064
2019,2019-04-27,117,114700,0.872143982,0.825757576,100035,14665,2,0,9.329166667,0,2760,2.54,8.67133146059544,-42.3467333795249,42.1666666666667,-75.1751004383644,0.447248085106383
2019,2019-04-28,118,91650,0.889916315,NA,81561,10089,0,0,9.170833333,0,2890,2.32,3.38613946450513,-8.87658256689205,12.2916666666667,-61.154414666292,0.429136595744681
2019,2019-04-29,119,83100,0.903499834,NA,75081,8019,2,0,10.15833333,0,3000,2.14,7.09121150491952,-12.5573683548744,14.375,-43.6692170795634,0.431071914893617
2019,2019-04-30,120,67267,0.9137718,1,61467,5800,0,0,11.22916667,0,3120,1.98,-0.868240888334653,-6.28108891324553,10.25,-102.778434325636,0.453338723404255
2019,2019-05-01,121,55600,0.921394294,0.908689249,51230,4370,0,0,12.28333333,0,3240,2.06,-5.08041154510891,7.72055906130562,14.7916666666667,135.054422381527,0.409452765957447
2019,2019-05-02,122,48050,0.926852178,0.970760234,44535,3515,1,0,12.12916667,0,3330,2.4,-2.86519493150435,8.72861679353659,12.2916666666667,119.827331521347,0.381568936170213
2019,2019-05-03,123,53850,0.930486557,0.895791583,50107,3743,0,0,11.63333333,0,3430,2.74,-3.76222157658236,-3.87938524157182,10.25,-139.740765427308,0.355507234042553
2019,2019-05-04,124,39150,0.932520734,0.931034483,36508,2642,1,0,11.77916667,0,3520,2.93,0.347296355333861,-3.75877048314363,9.16666666666667,-85.1620759542604,0.391834893617021
2019,2019-05-05,125,34200,0.933078079,0.859964093,31911,2289,1,1,12.77916667,0,3610,3.29,8.59626665871387,-20.295910972166,21.25,-58.2894146217525,0.439907659574468
2019,2019-05-06,126,28533,0.932192176,0.956331878,26598,1935,0,0,13.6875,0,3730,3.55,8.10424171990802,-18.7525998614751,20.4166666666667,-66.4190305056883,0.419669361702128
2019,2019-05-07,127,24050,0.929809599,0.924302789,22362,1688,0,0,13.62083333,0,3830,3.76,11.286664729747,-20.765757282559,25.5416666666667,-62.0890448828613,0.448871914893617
2019,2019-05-08,128,25700,0.925785494,0.947368421,23793,1907,1,0,13.7375,0,3930,3.83,10.2292888802734,-18.6195461813654,20.125,-60.360679105995,0.426119574468085
2019,2019-05-09,129,8200,0.919871719,0.977142857,7543,657,1,0,15.85,0,4050,3.78,8.42811946296251,-14.7224318643355,14.9166666666667,-61.0365469871097,0.432571063829787
2019,2019-05-10,130,2729,0.911697158,NA,2488,241,0,0,17.10416667,0,4150,3.68,0.260472266500395,-3.97721162951831,6.95833333333333,-75.2865519208778,0.464670212765957
2019,2019-05-13,133,65,0.867424127,NA,56,9,0,0,12.8625,0,4550,2.94,-5.47832165701434,9.74494583771009,12.4166666666667,121.196959098718,0.294711914893617
